--
-- PostgreSQL database dump
--

\restrict 7bK8XsvYFRUCQDxiuGacyn9wKqPAI3nSr3lRM5osmqLHCm3WwBfJIZuBTCFOsA6

-- Dumped from database version 15.15 (Debian 15.15-1.pgdg13+1)
-- Dumped by pg_dump version 15.15 (Debian 15.15-1.pgdg13+1)

SET statement_timeout = 0;
SET lock_timeout = 0;
SET idle_in_transaction_session_timeout = 0;
SET client_encoding = 'UTF8';
SET standard_conforming_strings = on;
SELECT pg_catalog.set_config('search_path', '', false);
SET check_function_bodies = false;
SET xmloption = content;
SET client_min_messages = warning;
SET row_security = off;

SET default_tablespace = '';

SET default_table_access_method = heap;

--
-- Name: auth_group; Type: TABLE; Schema: public; Owner: admin_contratos
--

CREATE TABLE public.auth_group (
    id integer NOT NULL,
    name character varying(150) NOT NULL
);


ALTER TABLE public.auth_group OWNER TO admin_contratos;

--
-- Name: auth_group_id_seq; Type: SEQUENCE; Schema: public; Owner: admin_contratos
--

ALTER TABLE public.auth_group ALTER COLUMN id ADD GENERATED BY DEFAULT AS IDENTITY (
    SEQUENCE NAME public.auth_group_id_seq
    START WITH 1
    INCREMENT BY 1
    NO MINVALUE
    NO MAXVALUE
    CACHE 1
);


--
-- Name: auth_group_permissions; Type: TABLE; Schema: public; Owner: admin_contratos
--

CREATE TABLE public.auth_group_permissions (
    id bigint NOT NULL,
    group_id integer NOT NULL,
    permission_id integer NOT NULL
);


ALTER TABLE public.auth_group_permissions OWNER TO admin_contratos;

--
-- Name: auth_group_permissions_id_seq; Type: SEQUENCE; Schema: public; Owner: admin_contratos
--

ALTER TABLE public.auth_group_permissions ALTER COLUMN id ADD GENERATED BY DEFAULT AS IDENTITY (
    SEQUENCE NAME public.auth_group_permissions_id_seq
    START WITH 1
    INCREMENT BY 1
    NO MINVALUE
    NO MAXVALUE
    CACHE 1
);


--
-- Name: auth_permission; Type: TABLE; Schema: public; Owner: admin_contratos
--

CREATE TABLE public.auth_permission (
    id integer NOT NULL,
    name character varying(255) NOT NULL,
    content_type_id integer NOT NULL,
    codename character varying(100) NOT NULL
);


ALTER TABLE public.auth_permission OWNER TO admin_contratos;

--
-- Name: auth_permission_id_seq; Type: SEQUENCE; Schema: public; Owner: admin_contratos
--

ALTER TABLE public.auth_permission ALTER COLUMN id ADD GENERATED BY DEFAULT AS IDENTITY (
    SEQUENCE NAME public.auth_permission_id_seq
    START WITH 1
    INCREMENT BY 1
    NO MINVALUE
    NO MAXVALUE
    CACHE 1
);


--
-- Name: auth_user; Type: TABLE; Schema: public; Owner: admin_contratos
--

CREATE TABLE public.auth_user (
    id integer NOT NULL,
    password character varying(128) NOT NULL,
    last_login timestamp with time zone,
    is_superuser boolean NOT NULL,
    username character varying(150) NOT NULL,
    first_name character varying(150) NOT NULL,
    last_name character varying(150) NOT NULL,
    email character varying(254) NOT NULL,
    is_staff boolean NOT NULL,
    is_active boolean NOT NULL,
    date_joined timestamp with time zone NOT NULL
);


ALTER TABLE public.auth_user OWNER TO admin_contratos;

--
-- Name: auth_user_groups; Type: TABLE; Schema: public; Owner: admin_contratos
--

CREATE TABLE public.auth_user_groups (
    id bigint NOT NULL,
    user_id integer NOT NULL,
    group_id integer NOT NULL
);


ALTER TABLE public.auth_user_groups OWNER TO admin_contratos;

--
-- Name: auth_user_groups_id_seq; Type: SEQUENCE; Schema: public; Owner: admin_contratos
--

ALTER TABLE public.auth_user_groups ALTER COLUMN id ADD GENERATED BY DEFAULT AS IDENTITY (
    SEQUENCE NAME public.auth_user_groups_id_seq
    START WITH 1
    INCREMENT BY 1
    NO MINVALUE
    NO MAXVALUE
    CACHE 1
);


--
-- Name: auth_user_id_seq; Type: SEQUENCE; Schema: public; Owner: admin_contratos
--

ALTER TABLE public.auth_user ALTER COLUMN id ADD GENERATED BY DEFAULT AS IDENTITY (
    SEQUENCE NAME public.auth_user_id_seq
    START WITH 1
    INCREMENT BY 1
    NO MINVALUE
    NO MAXVALUE
    CACHE 1
);


--
-- Name: auth_user_user_permissions; Type: TABLE; Schema: public; Owner: admin_contratos
--

CREATE TABLE public.auth_user_user_permissions (
    id bigint NOT NULL,
    user_id integer NOT NULL,
    permission_id integer NOT NULL
);


ALTER TABLE public.auth_user_user_permissions OWNER TO admin_contratos;

--
-- Name: auth_user_user_permissions_id_seq; Type: SEQUENCE; Schema: public; Owner: admin_contratos
--

ALTER TABLE public.auth_user_user_permissions ALTER COLUMN id ADD GENERATED BY DEFAULT AS IDENTITY (
    SEQUENCE NAME public.auth_user_user_permissions_id_seq
    START WITH 1
    INCREMENT BY 1
    NO MINVALUE
    NO MAXVALUE
    CACHE 1
);


--
-- Name: contratos_agente; Type: TABLE; Schema: public; Owner: admin_contratos
--

CREATE TABLE public.contratos_agente (
    id bigint NOT NULL,
    nome_completo character varying(150) NOT NULL,
    nome_de_guerra character varying(50) NOT NULL,
    saram character varying(20) NOT NULL,
    cpf character varying(14),
    posto_id bigint NOT NULL,
    data_ultimo_curso date
);


ALTER TABLE public.contratos_agente OWNER TO admin_contratos;

--
-- Name: contratos_agente_id_seq; Type: SEQUENCE; Schema: public; Owner: admin_contratos
--

ALTER TABLE public.contratos_agente ALTER COLUMN id ADD GENERATED BY DEFAULT AS IDENTITY (
    SEQUENCE NAME public.contratos_agente_id_seq
    START WITH 1
    INCREMENT BY 1
    NO MINVALUE
    NO MAXVALUE
    CACHE 1
);


--
-- Name: contratos_comissao; Type: TABLE; Schema: public; Owner: admin_contratos
--

CREATE TABLE public.contratos_comissao (
    id bigint NOT NULL,
    tipo character varying(20) NOT NULL,
    ativa boolean NOT NULL,
    contrato_id bigint NOT NULL
);


ALTER TABLE public.contratos_comissao OWNER TO admin_contratos;

--
-- Name: contratos_comissao_id_seq; Type: SEQUENCE; Schema: public; Owner: admin_contratos
--

ALTER TABLE public.contratos_comissao ALTER COLUMN id ADD GENERATED BY DEFAULT AS IDENTITY (
    SEQUENCE NAME public.contratos_comissao_id_seq
    START WITH 1
    INCREMENT BY 1
    NO MINVALUE
    NO MAXVALUE
    CACHE 1
);


--
-- Name: contratos_contrato; Type: TABLE; Schema: public; Owner: admin_contratos
--

CREATE TABLE public.contratos_contrato (
    id bigint NOT NULL,
    numero character varying(20) NOT NULL,
    objeto text NOT NULL,
    vigencia_inicio date NOT NULL,
    vigencia_fim date NOT NULL,
    valor_total numeric(12,2) NOT NULL,
    empresa_id bigint NOT NULL
);


ALTER TABLE public.contratos_contrato OWNER TO admin_contratos;

--
-- Name: contratos_contrato_id_seq; Type: SEQUENCE; Schema: public; Owner: admin_contratos
--

ALTER TABLE public.contratos_contrato ALTER COLUMN id ADD GENERATED BY DEFAULT AS IDENTITY (
    SEQUENCE NAME public.contratos_contrato_id_seq
    START WITH 1
    INCREMENT BY 1
    NO MINVALUE
    NO MAXVALUE
    CACHE 1
);


--
-- Name: contratos_empresa; Type: TABLE; Schema: public; Owner: admin_contratos
--

CREATE TABLE public.contratos_empresa (
    id bigint NOT NULL,
    razao_social character varying(200) NOT NULL,
    cnpj character varying(18) NOT NULL,
    contato character varying(100)
);


ALTER TABLE public.contratos_empresa OWNER TO admin_contratos;

--
-- Name: contratos_empresa_id_seq; Type: SEQUENCE; Schema: public; Owner: admin_contratos
--

ALTER TABLE public.contratos_empresa ALTER COLUMN id ADD GENERATED BY DEFAULT AS IDENTITY (
    SEQUENCE NAME public.contratos_empresa_id_seq
    START WITH 1
    INCREMENT BY 1
    NO MINVALUE
    NO MAXVALUE
    CACHE 1
);


--
-- Name: contratos_funcao; Type: TABLE; Schema: public; Owner: admin_contratos
--

CREATE TABLE public.contratos_funcao (
    id bigint NOT NULL,
    titulo character varying(100) NOT NULL,
    sigla character varying(20),
    ativa boolean NOT NULL
);


ALTER TABLE public.contratos_funcao OWNER TO admin_contratos;

--
-- Name: contratos_funcao_id_seq; Type: SEQUENCE; Schema: public; Owner: admin_contratos
--

ALTER TABLE public.contratos_funcao ALTER COLUMN id ADD GENERATED BY DEFAULT AS IDENTITY (
    SEQUENCE NAME public.contratos_funcao_id_seq
    START WITH 1
    INCREMENT BY 1
    NO MINVALUE
    NO MAXVALUE
    CACHE 1
);


--
-- Name: contratos_integrante; Type: TABLE; Schema: public; Owner: admin_contratos
--

CREATE TABLE public.contratos_integrante (
    id bigint NOT NULL,
    data_inicio date NOT NULL,
    data_fim date,
    portaria_numero character varying(50) NOT NULL,
    portaria_data date NOT NULL,
    boletim_numero character varying(50),
    boletim_data date,
    observacao character varying(100),
    agente_id bigint NOT NULL,
    comissao_id bigint NOT NULL,
    funcao_id bigint NOT NULL
);


ALTER TABLE public.contratos_integrante OWNER TO admin_contratos;

--
-- Name: contratos_integrante_id_seq; Type: SEQUENCE; Schema: public; Owner: admin_contratos
--

ALTER TABLE public.contratos_integrante ALTER COLUMN id ADD GENERATED BY DEFAULT AS IDENTITY (
    SEQUENCE NAME public.contratos_integrante_id_seq
    START WITH 1
    INCREMENT BY 1
    NO MINVALUE
    NO MAXVALUE
    CACHE 1
);


--
-- Name: contratos_postograduacao; Type: TABLE; Schema: public; Owner: admin_contratos
--

CREATE TABLE public.contratos_postograduacao (
    id bigint NOT NULL,
    sigla character varying(10) NOT NULL,
    descricao character varying(100) NOT NULL,
    senioridade integer NOT NULL
);


ALTER TABLE public.contratos_postograduacao OWNER TO admin_contratos;

--
-- Name: contratos_postograduacao_id_seq; Type: SEQUENCE; Schema: public; Owner: admin_contratos
--

ALTER TABLE public.contratos_postograduacao ALTER COLUMN id ADD GENERATED BY DEFAULT AS IDENTITY (
    SEQUENCE NAME public.contratos_postograduacao_id_seq
    START WITH 1
    INCREMENT BY 1
    NO MINVALUE
    NO MAXVALUE
    CACHE 1
);


--
-- Name: django_admin_log; Type: TABLE; Schema: public; Owner: admin_contratos
--

CREATE TABLE public.django_admin_log (
    id integer NOT NULL,
    action_time timestamp with time zone NOT NULL,
    object_id text,
    object_repr character varying(200) NOT NULL,
    action_flag smallint NOT NULL,
    change_message text NOT NULL,
    content_type_id integer,
    user_id integer NOT NULL,
    CONSTRAINT django_admin_log_action_flag_check CHECK ((action_flag >= 0))
);


ALTER TABLE public.django_admin_log OWNER TO admin_contratos;

--
-- Name: django_admin_log_id_seq; Type: SEQUENCE; Schema: public; Owner: admin_contratos
--

ALTER TABLE public.django_admin_log ALTER COLUMN id ADD GENERATED BY DEFAULT AS IDENTITY (
    SEQUENCE NAME public.django_admin_log_id_seq
    START WITH 1
    INCREMENT BY 1
    NO MINVALUE
    NO MAXVALUE
    CACHE 1
);


--
-- Name: django_content_type; Type: TABLE; Schema: public; Owner: admin_contratos
--

CREATE TABLE public.django_content_type (
    id integer NOT NULL,
    app_label character varying(100) NOT NULL,
    model character varying(100) NOT NULL
);


ALTER TABLE public.django_content_type OWNER TO admin_contratos;

--
-- Name: django_content_type_id_seq; Type: SEQUENCE; Schema: public; Owner: admin_contratos
--

ALTER TABLE public.django_content_type ALTER COLUMN id ADD GENERATED BY DEFAULT AS IDENTITY (
    SEQUENCE NAME public.django_content_type_id_seq
    START WITH 1
    INCREMENT BY 1
    NO MINVALUE
    NO MAXVALUE
    CACHE 1
);


--
-- Name: django_migrations; Type: TABLE; Schema: public; Owner: admin_contratos
--

CREATE TABLE public.django_migrations (
    id bigint NOT NULL,
    app character varying(255) NOT NULL,
    name character varying(255) NOT NULL,
    applied timestamp with time zone NOT NULL
);


ALTER TABLE public.django_migrations OWNER TO admin_contratos;

--
-- Name: django_migrations_id_seq; Type: SEQUENCE; Schema: public; Owner: admin_contratos
--

ALTER TABLE public.django_migrations ALTER COLUMN id ADD GENERATED BY DEFAULT AS IDENTITY (
    SEQUENCE NAME public.django_migrations_id_seq
    START WITH 1
    INCREMENT BY 1
    NO MINVALUE
    NO MAXVALUE
    CACHE 1
);


--
-- Name: django_session; Type: TABLE; Schema: public; Owner: admin_contratos
--

CREATE TABLE public.django_session (
    session_key character varying(40) NOT NULL,
    session_data text NOT NULL,
    expire_date timestamp with time zone NOT NULL
);


ALTER TABLE public.django_session OWNER TO admin_contratos;

--
-- Data for Name: auth_group; Type: TABLE DATA; Schema: public; Owner: admin_contratos
--

COPY public.auth_group (id, name) FROM stdin;
\.


--
-- Data for Name: auth_group_permissions; Type: TABLE DATA; Schema: public; Owner: admin_contratos
--

COPY public.auth_group_permissions (id, group_id, permission_id) FROM stdin;
\.


--
-- Data for Name: auth_permission; Type: TABLE DATA; Schema: public; Owner: admin_contratos
--

COPY public.auth_permission (id, name, content_type_id, codename) FROM stdin;
1	Can add log entry	1	add_logentry
2	Can change log entry	1	change_logentry
3	Can delete log entry	1	delete_logentry
4	Can view log entry	1	view_logentry
5	Can add permission	2	add_permission
6	Can change permission	2	change_permission
7	Can delete permission	2	delete_permission
8	Can view permission	2	view_permission
9	Can add group	3	add_group
10	Can change group	3	change_group
11	Can delete group	3	delete_group
12	Can view group	3	view_group
13	Can add user	4	add_user
14	Can change user	4	change_user
15	Can delete user	4	delete_user
16	Can view user	4	view_user
17	Can add content type	5	add_contenttype
18	Can change content type	5	change_contenttype
19	Can delete content type	5	delete_contenttype
20	Can view content type	5	view_contenttype
21	Can add session	6	add_session
22	Can change session	6	change_session
23	Can delete session	6	delete_session
24	Can view session	6	view_session
25	Can add Agente	7	add_agente
26	Can change Agente	7	change_agente
27	Can delete Agente	7	delete_agente
28	Can view Agente	7	view_agente
29	Can add Contrato	8	add_contrato
30	Can change Contrato	8	change_contrato
31	Can delete Contrato	8	delete_contrato
32	Can view Contrato	8	view_contrato
33	Can add Empresa	9	add_empresa
34	Can change Empresa	9	change_empresa
35	Can delete Empresa	9	delete_empresa
36	Can view Empresa	9	view_empresa
37	Can add Tipo de Função	10	add_funcao
38	Can change Tipo de Função	10	change_funcao
39	Can delete Tipo de Função	10	delete_funcao
40	Can view Tipo de Função	10	view_funcao
41	Can add Posto/Graduação	11	add_postograduacao
42	Can change Posto/Graduação	11	change_postograduacao
43	Can delete Posto/Graduação	11	delete_postograduacao
44	Can view Posto/Graduação	11	view_postograduacao
45	Can add Comissão	12	add_comissao
46	Can change Comissão	12	change_comissao
47	Can delete Comissão	12	delete_comissao
48	Can view Comissão	12	view_comissao
49	Can add Integrante	13	add_integrante
50	Can change Integrante	13	change_integrante
51	Can delete Integrante	13	delete_integrante
52	Can view Integrante	13	view_integrante
\.


--
-- Data for Name: auth_user; Type: TABLE DATA; Schema: public; Owner: admin_contratos
--

COPY public.auth_user (id, password, last_login, is_superuser, username, first_name, last_name, email, is_staff, is_active, date_joined) FROM stdin;
1	pbkdf2_sha256$1000000$4mvFZIXkkYNFAMqiWUgaOF$O5RBzct2RynEZuvAn8jNgipN9roX3qTMjYrjD+S2rZw=	2026-01-30 12:05:00.060845+00	t	root				t	t	2026-01-29 11:31:01.662419+00
\.


--
-- Data for Name: auth_user_groups; Type: TABLE DATA; Schema: public; Owner: admin_contratos
--

COPY public.auth_user_groups (id, user_id, group_id) FROM stdin;
\.


--
-- Data for Name: auth_user_user_permissions; Type: TABLE DATA; Schema: public; Owner: admin_contratos
--

COPY public.auth_user_user_permissions (id, user_id, permission_id) FROM stdin;
\.


--
-- Data for Name: contratos_agente; Type: TABLE DATA; Schema: public; Owner: admin_contratos
--

COPY public.contratos_agente (id, nome_completo, nome_de_guerra, saram, cpf, posto_id, data_ultimo_curso) FROM stdin;
3	Severino da Silva	1S Multitarefa	9999	\N	2	2025-04-27
5	Nome 1T Novato	1T Novato	2003	\N	6	2024-04-12
15	Amanda Rocha	1S Rocha	43485	\N	2	\N
8	Nome 3S Rápido	3S Rápido	2006	\N	10	2025-10-13
96	Militar 36	Cb Sobrenome36	72166	\N	11	2025-08-19
12	Maria Pereira	2T Pereira	65362	\N	7	2024-11-29
2	João Souza	1S Souza	2002	\N	2	2025-04-17
54	Maria Dias	Sd Dias	25204	\N	12	2025-08-09
14	Patrícia Martins	3S Martins	5774	\N	10	2024-11-01
63	Militar 3	Cb Sobrenome3	65062	\N	11	2025-05-20
16	Gabriel Lima	1T Lima	55534	\N	6	2025-03-12
17	Amanda Santos	Ten Cel Santos	59084	\N	4	2024-06-21
18	Vitor Vieira	1T Vieira	78609	\N	6	2025-02-13
19	Fernanda Franco	2T Franco	48919	\N	7	\N
21	Marcos Almeida	Cb Almeida	81991	\N	11	2023-12-26
22	Felipe Soares	1S Soares	69794	\N	2	2025-05-02
23	Ricardo Gomes	Ten Cel Gomes	72916	\N	4	2024-09-12
24	Camila Cavalcanti	2S Cavalcanti	60743	\N	9	2025-03-21
25	José Gomes	Sd Gomes	83106	\N	12	2025-09-20
26	Thiago Franco	Ten Cel Franco	25515	\N	4	\N
27	João Castro	Cel Castro	18712	\N	3	2024-05-03
28	Pedro Santos	2S Santos	43438	\N	9	2024-12-23
30	Thiago Vieira	1S Vieira	67752	\N	2	2025-01-24
31	Roberto Dias	Cb Dias	4392	\N	11	2025-11-10
32	Lucas Costa	2T Costa	33431	\N	7	2025-01-21
33	Bruno Martins	SO Martins	67751	\N	8	2024-07-23
35	Mariana Alves	Sd Alves	49222	\N	12	2024-10-02
36	Pedro Vieira	2S Vieira	58456	\N	9	\N
37	Mariana Alves	Maj Alves	78236	\N	5	2024-03-22
38	Amanda Pereira	3S Pereira	60514	\N	10	2025-04-22
39	Larissa Costa	Sd Costa	64391	\N	12	2025-03-18
40	João Costa	Ten Cel Costa	48675	\N	4	2024-10-22
41	Bruno Silva	Cap Silva	19228	\N	1	\N
60	Militar 0	SO Sobrenome0	36844	\N	8	2025-05-29
43	Beatriz Martins	Cb Martins	82746	\N	11	2025-03-26
44	Felipe Ribeiro	Maj Ribeiro	37707	\N	5	2025-03-25
72	Militar 12	Cel Sobrenome12	86613	\N	3	2024-03-29
47	Pedro Martins	SO Martins	18801	\N	8	2025-10-02
71	Militar 11	Maj Sobrenome11	62566	\N	5	2025-12-04
13	João Costa	2S Costa	6654	\N	9	2024-01-22
51	Carlos Souza	Cap Souza	5302	\N	1	2024-08-16
52	Pedro Castro	Maj Castro	26046	\N	5	2025-04-02
53	Gabriel Moreira	1T Moreira	46036	\N	6	2025-12-07
34	Julia Pereira	Cel Pereira	68354	\N	3	2024-02-12
55	Amanda Souza	Sd Souza	55802	\N	12	2025-05-24
56	José Silva	1T Silva	27734	\N	6	2024-06-08
57	João Cavalcanti	Cb Cavalcanti	18396	\N	11	2025-11-25
59	Marcos Fernandes	Ten Cel Fernandes	69349	\N	4	2024-03-09
101	Militar 41	1S Sobrenome41	89187	\N	2	2025-08-24
61	Militar 1	Ten Cel Sobrenome1	82093	\N	4	2025-11-28
62	Militar 2	2T Sobrenome2	60110	\N	7	2025-11-17
10	Vanessa Oliveira	Sd Oliveira	62054	\N	12	2025-10-10
64	Militar 4	1T Sobrenome4	59100	\N	6	\N
65	Militar 5	1S Sobrenome5	43609	\N	2	2024-05-06
66	Militar 6	1S Sobrenome6	96227	\N	2	2024-01-17
67	Militar 7	Cel Sobrenome7	94347	\N	3	\N
68	Militar 8	Ten Cel Sobrenome8	83174	\N	4	2025-10-17
69	Militar 9	Maj Sobrenome9	16516	\N	5	2025-05-16
42	Gabriel Nunes	Cel Nunes	9698	\N	3	2025-03-15
49	Vitor Ribeiro	Cb Ribeiro	37440	\N	11	2025-06-19
74	Militar 14	Maj Sobrenome14	42894	\N	5	2025-02-28
75	Militar 15	Cb Sobrenome15	44931	\N	11	\N
76	Militar 16	Cb Sobrenome16	81921	\N	11	2025-04-19
77	Militar 17	2T Sobrenome17	55762	\N	7	\N
78	Militar 18	Sd Sobrenome18	81154	\N	12	2023-12-16
79	Militar 19	Ten Cel Sobrenome19	85356	\N	4	2024-05-23
80	Militar 20	Maj Sobrenome20	24322	\N	5	2024-10-09
81	Militar 21	Cap Sobrenome21	81360	\N	1	2025-09-18
82	Militar 22	2S Sobrenome22	29915	\N	9	2025-09-23
83	Militar 23	Cel Sobrenome23	78473	\N	3	2025-10-23
84	Militar 24	3S Sobrenome24	14591	\N	10	2025-11-29
85	Militar 25	2S Sobrenome25	63470	\N	9	2025-03-23
87	Militar 27	2T Sobrenome27	88123	\N	7	2025-02-14
88	Militar 28	Cap Sobrenome28	90207	\N	1	2024-05-16
89	Militar 29	2S Sobrenome29	12420	\N	9	2025-03-05
90	Militar 30	2S Sobrenome30	91249	\N	9	\N
91	Militar 31	1T Sobrenome31	97631	\N	6	2025-05-11
93	Militar 33	1T Sobrenome33	81404	\N	6	2025-12-09
94	Militar 34	1T Sobrenome34	31155	\N	6	2024-12-26
4	Nome Cap América	Cap América	2001	\N	1	2024-12-04
97	Militar 37	Sd Sobrenome37	17478	\N	12	2025-04-18
7	Nome 2S Atento	2S Atento	2005	\N	9	2025-11-16
99	Militar 39	Cap Sobrenome39	20473	\N	1	2025-10-07
100	Militar 40	Ten Cel Sobrenome40	29094	\N	4	2024-10-19
95	Militar 35	Cb Sobrenome35	87471	\N	11	2024-04-08
102	Militar 42	3S Sobrenome42	51697	\N	10	2025-11-21
103	Militar 43	Cap Sobrenome43	60742	\N	1	2025-05-02
45	Gabriel Dias	1S Dias	19018	\N	2	2024-08-16
11	Carlos Dias	Cb Dias	42536	\N	11	2025-10-27
107	Militar 47	2S Sobrenome47	95567	\N	9	2025-05-05
108	Militar 48	Ten Cel Sobrenome48	39206	\N	4	2025-07-07
109	Militar 49	Cel Sobrenome49	64766	\N	3	2025-09-22
110	Militar 50	Cb Sobrenome50	74856	\N	11	2025-12-10
111	Militar 51	3S Sobrenome51	65134	\N	10	2025-03-18
113	Militar 53	Cap Sobrenome53	11133	\N	1	2025-12-28
114	Militar 54	1T Sobrenome54	81440	\N	6	2025-02-20
115	Militar 55	1T Sobrenome55	88105	\N	6	2025-03-02
116	Militar 56	1S Sobrenome56	32458	\N	2	\N
117	Militar 57	Ten Cel Sobrenome57	68290	\N	4	2025-06-06
118	Militar 58	Sd Sobrenome58	84458	\N	12	2025-10-06
119	Militar 59	1S Sobrenome59	33740	\N	2	2024-07-04
121	Militar 61	1T Sobrenome61	88228	\N	6	\N
122	Militar 62	1T Sobrenome62	88506	\N	6	2025-04-20
123	Militar 63	Ten Cel Sobrenome63	72609	\N	4	2024-04-22
125	Militar 65	2S Sobrenome65	73799	\N	9	\N
130	Militar 70	Cap Sobrenome70	48380	\N	1	\N
127	Militar 67	2T Sobrenome67	58729	\N	7	2025-12-13
128	Militar 68	2S Sobrenome68	66720	\N	9	2024-02-23
129	Militar 69	SO Sobrenome69	45051	\N	8	2024-10-07
150	Militar 90	Cel Sobrenome90	10436	\N	3	2025-04-07
148	Militar 88	Maj Sobrenome88	41335	\N	5	2024-05-27
132	Militar 72	Cel Sobrenome72	52793	\N	3	2025-05-26
133	Militar 73	Cel Sobrenome73	77219	\N	3	2024-01-15
134	Militar 74	Maj Sobrenome74	63662	\N	5	2025-06-22
135	Militar 75	1T Sobrenome75	99100	\N	6	2025-01-14
136	Militar 76	Ten Cel Sobrenome76	35564	\N	4	2025-02-09
137	Militar 77	Sd Sobrenome77	81612	\N	12	2024-05-06
140	Militar 80	Ten Cel Sobrenome80	43837	\N	4	2024-05-12
141	Militar 81	Maj Sobrenome81	81201	\N	5	2025-09-30
142	Militar 82	2T Sobrenome82	16256	\N	7	2025-04-23
143	Militar 83	2T Sobrenome83	22047	\N	7	2025-09-28
144	Militar 84	3S Sobrenome84	59915	\N	10	2025-08-05
192	Militar 32	Ten Cel Sobrenome32	78917	\N	4	2025-04-19
184	Militar 24	Maj Sobrenome24	58742	\N	5	2025-11-17
147	Militar 87	Cb Sobrenome87	52436	\N	11	2025-12-25
146	Militar 86	3S Sobrenome86	82076	\N	10	2025-06-05
172	Militar 12	Ten Cel Sobrenome12	67189	\N	4	2025-02-16
151	Militar 91	2T Sobrenome91	24355	\N	7	2024-08-06
152	Militar 92	1S Sobrenome92	43531	\N	2	2024-09-24
153	Militar 93	1T Sobrenome93	33767	\N	6	\N
154	Militar 94	Ten Cel Sobrenome94	82413	\N	4	2025-03-03
155	Militar 95	Cap Sobrenome95	77857	\N	1	2025-09-17
156	Militar 96	2T Sobrenome96	35114	\N	7	2024-01-21
157	Militar 97	1T Sobrenome97	61794	\N	6	2024-03-31
159	Militar 99	2T Sobrenome99	32297	\N	7	2025-10-25
160	Militar 0	2T Sobrenome0	18821	\N	7	2025-10-20
126	Militar 66	2S Sobrenome66	64559	\N	9	2025-04-14
195	Militar 35	1S Sobrenome35	73501	\N	2	\N
188	Militar 28	1S Sobrenome28	55334	\N	2	\N
165	Militar 5	3S Sobrenome5	65276	\N	10	2025-03-06
206	Militar 46	1T Sobrenome46	38736	\N	6	2024-07-13
161	Militar 1	1S Sobrenome1	55084	\N	2	2025-09-16
168	Militar 8	1T Sobrenome8	38812	\N	6	2025-05-03
169	Militar 9	Cb Sobrenome9	97323	\N	11	2023-12-20
170	Militar 10	Ten Cel Sobrenome10	15243	\N	4	2025-11-07
194	Militar 34	1S Sobrenome34	38098	\N	2	2025-05-15
174	Militar 14	1S Sobrenome14	95140	\N	2	2025-06-18
163	Militar 3	Cb Sobrenome3	46952	\N	11	2025-12-26
175	Militar 15	1S Sobrenome15	64975	\N	2	2024-12-08
196	Militar 36	Sd Sobrenome36	13523	\N	12	2025-10-04
193	Militar 33	Cap Sobrenome33	98166	\N	1	2024-09-25
179	Militar 19	Ten Cel Sobrenome19	23526	\N	4	2025-12-09
182	Militar 22	Cel Sobrenome22	92179	\N	3	2025-07-14
181	Militar 21	Cb Sobrenome21	63341	\N	11	2023-12-12
198	Militar 38	1T Sobrenome38	47704	\N	6	2025-08-08
183	Militar 23	2T Sobrenome23	85444	\N	7	2025-08-19
185	Militar 25	1S Sobrenome25	34850	\N	2	2025-08-13
177	Militar 17	3S Sobrenome17	32112	\N	10	2024-08-25
105	Militar 45	Ten Cel Sobrenome45	91601	\N	4	2025-02-06
173	Militar 13	Ten Cel Sobrenome13	72450	\N	4	2025-09-07
189	Militar 29	Cb Sobrenome29	95351	\N	11	2024-10-16
190	Militar 30	SO Sobrenome30	76201	\N	8	2025-10-19
191	Militar 31	2T Sobrenome31	29205	\N	7	2025-06-22
180	Militar 20	Sd Sobrenome20	67138	\N	12	2024-10-15
201	Militar 41	3S Sobrenome41	24551	\N	10	2024-07-21
167	Militar 7	2S Sobrenome7	17543	\N	9	2024-09-27
166	Militar 6	1S Sobrenome6	28667	\N	2	2024-04-19
131	Militar 71	Cb Sobrenome71	56273	\N	11	2025-09-17
186	Militar 26	SO Sobrenome26	24661	\N	8	\N
200	Militar 40	SO Sobrenome40	11407	\N	8	2024-06-14
202	Militar 42	2T Sobrenome42	15233	\N	7	2025-05-25
164	Militar 4	1S Sobrenome4	79362	\N	2	2024-06-26
203	Militar 43	Cel Sobrenome43	38376	\N	3	2025-04-25
204	Militar 44	Cb Sobrenome44	75272	\N	11	2025-12-23
205	Militar 45	Maj Sobrenome45	14676	\N	5	2025-07-31
187	Militar 27	Cb Sobrenome27	79055	\N	11	2025-07-25
171	Militar 11	Ten Cel Sobrenome11	14593	\N	4	2025-12-23
106	Militar 46	2S Sobrenome46	51212	\N	9	2025-06-25
210	Militar 50	3S Sobrenome50	45157	\N	10	2025-05-11
211	Militar 51	Cap Sobrenome51	76967	\N	1	2025-10-05
240	Militar 80	3S Sobrenome80	30729	\N	10	2025-09-19
213	Militar 53	2T Sobrenome53	97179	\N	7	2025-03-29
237	Militar 77	Cb Sobrenome77	46806	\N	11	2025-12-27
215	Militar 55	Sd Sobrenome55	34070	\N	12	2025-07-02
300	Heitor Ribeiro	Ten Cel E. Ribeiro	94740	\N	4	2025-10-21
231	Militar 71	2T Sobrenome71	19414	\N	7	2024-05-04
221	Militar 61	Cap Sobrenome61	91097	\N	1	2025-11-14
238	Militar 78	1S Sobrenome78	57349	\N	2	2025-11-04
220	Militar 60	Maj Sobrenome60	78610	\N	5	2025-05-03
253	Militar 93	Cap Sobrenome93	70994	\N	1	\N
216	Militar 56	2S Sobrenome56	21626	\N	9	2025-07-20
279	Bernardo Carvalho	Cb Carvalho	88016	\N	11	2025-09-06
226	Militar 66	Cel Sobrenome66	82632	\N	3	2025-07-12
234	Militar 74	Ten Cel Sobrenome74	94718	\N	4	2025-08-27
228	Militar 68	Ten Cel Sobrenome68	54046	\N	4	2025-02-28
229	Militar 69	Cel Sobrenome69	32111	\N	3	2024-02-24
249	Militar 89	Ten Cel Sobrenome89	98128	\N	4	2025-03-31
259	Militar 99	SO Sobrenome99	92223	\N	8	2025-02-05
257	Militar 97	Maj Sobrenome97	95972	\N	5	2024-02-20
218	Militar 58	2T Sobrenome58	23591	\N	7	2025-10-03
212	Militar 52	1S Sobrenome52	38534	\N	2	2025-02-15
236	Militar 76	3S Sobrenome76	91105	\N	10	2025-11-11
232	Militar 72	Cel Sobrenome72	87581	\N	3	2025-04-13
233	Militar 73	Cb Sobrenome73	80917	\N	11	2025-07-18
239	Militar 79	Cap Sobrenome79	39850	\N	1	2025-01-27
305	Joao Pereira	Cb A. Pereira	62027	\N	11	2023-12-20
243	Militar 83	Cb Sobrenome83	50925	\N	11	2025-06-04
242	Militar 82	1S Sobrenome82	88219	\N	2	2025-12-07
227	Militar 67	1S Sobrenome67	72882	\N	2	2025-12-03
258	Militar 98	Cb Sobrenome98	43189	\N	11	2025-02-27
246	Militar 86	2T Sobrenome86	73334	\N	7	2025-09-07
248	Militar 88	2T Sobrenome88	46751	\N	7	2024-09-12
208	Militar 48	Cb Sobrenome48	63398	\N	11	2025-09-21
250	Militar 90	2S Sobrenome90	49848	\N	9	2024-07-04
219	Militar 59	2T Sobrenome59	26854	\N	7	\N
222	Militar 62	Maj Sobrenome62	74078	\N	5	2024-05-31
294	Daniel Almeida	2T Almeida	92647	\N	7	\N
264	Felipe Carvalho	1S Carvalho	88001	\N	2	2025-05-08
255	Militar 95	SO Sobrenome95	18221	\N	8	2025-02-16
271	Fernanda Costa	1S Costa	88008	\N	2	2025-04-01
235	Militar 75	Cb Sobrenome75	51474	\N	11	2025-09-18
252	Militar 92	1S Sobrenome92	33537	\N	2	2025-05-08
244	Militar 84	Cel Sobrenome84	29582	\N	3	2025-10-20
262	Manoel Mendes Souza	SO Mendes	99003	\N	8	2025-09-19
265	Alice Almeida	1S Almeida	88002	\N	2	2024-12-10
285	Lorenzo Pereira	1T C. Pereira	86463	\N	6	2024-02-11
274	Fernanda Lima	1S Lima	88011	\N	2	2024-05-05
254	Militar 94	2S Sobrenome94	74354	\N	9	2025-03-28
292	Liz Lima	Asp A. Lima	34911	\N	13	2025-01-06
277	Bruna Rodrigues	1S Rodrigues	88014	\N	2	2024-03-03
276	Patricia Silva	SO Silva	88013	\N	8	2025-09-21
266	Ana Almeida	Cb Almeida	88003	\N	11	2025-07-29
224	Militar 64	Sd Sobrenome64	65013	\N	12	2025-11-19
278	Enzo Ribeiro	1S Ribeiro	88015	\N	2	2025-03-13
275	Lucas Silva	1S Silva	88012	\N	2	2025-10-20
273	Ana Gomes	Cb Gomes	88010	\N	11	2024-02-05
280	Miguel Almeida	1S Almeida	88017	\N	2	\N
303	Liz Ramos	2T C. Ramos	55138	\N	7	2024-03-30
283	Antônio Eterno de Souza	SO Eterno	77777	\N	8	2024-10-24
256	Militar 96	Cel Sobrenome96	65132	\N	3	2025-09-26
268	Patricia Lima	SO Lima	88005	\N	8	2025-11-26
223	Militar 63	1S Sobrenome63	25487	\N	2	2025-08-13
270	Enzo Pereira	SO Pereira	88007	\N	8	2024-05-07
272	Arthur Alves	SO Alves	88009	\N	8	2025-02-28
286	Isaac Ferreira	Cb A. Ferreira	49209	\N	11	2025-03-26
298	Maitê Lopes	SO C. Lopes	87981	\N	8	2025-10-26
302	Theo Almeida	Maj Almeida	22041	\N	5	2025-04-11
289	Bernardo Vieira	SO D. Vieira	32272	\N	8	\N
301	Gabriel Andrade	1S E. Andrade	84088	\N	2	2025-12-06
214	Militar 54	Cap Sobrenome54	37032	\N	1	2025-02-20
296	Isaac Martins	Ten Cel C. Martins	74122	\N	4	2025-06-15
293	Alice Costa	3S A. Costa	65711	\N	10	2025-09-30
282	Fernanda Rodrigues	SO Rodrigues	88019	\N	8	2024-09-24
299	Helena Lopes	2S A. Lopes	19307	\N	9	2025-06-04
261	Roberto Nogueira Lima	Cap Nogueira	99002	\N	1	2024-11-26
290	Lorenzo Marques	1T C. Marques	53758	\N	6	2025-09-26
241	Militar 81	Maj Sobrenome81	20475	\N	5	2025-05-30
291	Sophia Moreira	2T B. Moreira	42225	\N	7	2024-12-05
245	Militar 85	Cb Sobrenome85	78315	\N	11	2023-12-04
297	Heitor Barbosa	1S E. Barbosa	46391	\N	2	\N
284	Pedro Lopes	Asp Lopes	79147	\N	13	\N
304	Alice Goncalves	1S D. Goncalves	15367	\N	2	2024-03-14
251	Militar 91	Cel Sobrenome91	27856	\N	3	2024-09-24
230	Militar 70	3S Sobrenome70	56560	\N	10	2024-02-22
288	Daniel Ribeiro	1S D. Ribeiro	76848	\N	2	2025-11-26
388	Matheus Oliveira	1S E. Oliveira	84037	\N	2	2023-12-09
401	Cecilia Andrade	Cel C. Andrade	69773	\N	3	2024-08-27
337	Eduardo Oliveira	2S Oliveira	85885	\N	9	2024-02-15
404	Enzo Lopes	1S Lopes	96657	\N	2	2025-09-07
382	Leonardo Pereira	Cap Pereira	27674	\N	1	2025-11-13
403	Isabella Lima	Sd A. Lima	46800	\N	12	2025-12-27
317	Miguel Martins	2T Martins	36397	\N	7	2025-08-24
396	Rafael Costa	Sd C. Costa	16269	\N	12	\N
398	Isaac Santos	Cel D. Santos	15787	\N	3	2024-09-02
406	Daniel Alves	Cel C. Alves	25209	\N	3	2025-01-30
400	Enzo Mendes	3S E. Mendes	34737	\N	10	2025-05-07
321	Daniel Lima	Ten Cel E. Lima	86320	\N	4	2025-02-28
325	Isaac Soares	Cel A. Soares	29869	\N	3	2024-05-23
329	Benjamin Marques	Cel E. Marques	13675	\N	3	2025-12-17
365	Sophia Costa	Asp C. Costa	47788	\N	13	\N
345	Felipe Santos	Cap E. Santos	47207	\N	1	2025-08-03
316	Alice Lopes	Sd C. Lopes	45732	\N	12	2024-02-07
318	Felipe Freitas	2T Freitas	64023	\N	7	2025-07-14
312	Helena Oliveira	SO D. Oliveira	20219	\N	8	2024-11-09
394	Leonardo Mendes	1T B. Mendes	51033	\N	6	2025-12-08
390	Nicolas Barbosa	1T D. Barbosa	39437	\N	6	2024-11-11
374	Felipe Mendes	Sd Mendes	12393	\N	12	\N
366	Felipe Nunes	Sd B. Nunes	70368	\N	12	2025-10-04
339	Felipe Carvalho	2T D. Carvalho	61807	\N	7	2025-08-04
338	Antony Cardoso	1S D. Cardoso	23206	\N	2	2025-03-25
324	Samuel Pereira	Cel A. Pereira	77968	\N	3	2024-04-21
392	Laura Alves	Cap Alves	30504	\N	1	2025-10-29
360	Helena Oliveira	3S B. Oliveira	24582	\N	10	2024-07-27
326	Liz Costa	1S B. Costa	93841	\N	2	2024-02-11
389	Bryan Pereira	Cap B. Pereira	65474	\N	1	2024-04-26
350	Helena Gomes	1S E. Gomes	67936	\N	2	2025-04-15
351	Vitor Lopes	Sd C. Lopes	81633	\N	12	2025-08-11
333	Alice Moreira	Cb D. Moreira	59371	\N	11	\N
349	Enzo Alves	1T C. Alves	39774	\N	6	2024-09-30
357	Laura Oliveira	Cb D. Oliveira	96562	\N	11	2025-04-03
322	Isaac Santana	Asp C. Santana	47433	\N	13	2025-04-19
352	Lorenzo Marques	2S Marques	90452	\N	9	2024-01-06
362	Bryan Lima	Cb Lima	98915	\N	11	2025-02-14
379	Benjamin Lopes	1S B. Lopes	47791	\N	2	2025-02-06
328	Felipe Costa	1T E. Costa	17981	\N	6	2025-05-17
356	Maitê Carvalho	2S Carvalho	46003	\N	9	2025-02-15
346	Manuela Andrade	2T B. Andrade	59826	\N	7	2025-06-11
383	Felipe Nunes	2S C. Nunes	74533	\N	9	2025-09-23
393	Matheus Vieira	1T C. Vieira	45987	\N	6	2025-07-04
355	Henrique Lopes	2S B. Lopes	17614	\N	9	\N
397	Vitor Pereira	Cb B. Pereira	71513	\N	11	\N
377	Rafael Teixeira	Maj Teixeira	12534	\N	5	2024-11-17
378	Alice Carvalho	2T E. Carvalho	71805	\N	7	2025-08-01
334	Nicolas Souza	Cap C. Souza	72415	\N	1	2025-04-13
320	Gael Dias	Sd E. Dias	88591	\N	12	2025-07-19
368	Nicolas Barbosa	1T E. Barbosa	56500	\N	6	2025-06-13
369	Bryan Ferreira	Cb D. Ferreira	25665	\N	11	2024-01-12
371	Gabriel Teixeira	2T B. Teixeira	96779	\N	7	2025-12-26
310	Antony Rocha	1S B. Rocha	19376	\N	2	2024-10-28
309	Arthur Soares	Cap C. Soares	70259	\N	1	2025-08-17
373	Helena Vieira	2S B. Vieira	35636	\N	9	2025-09-08
327	Lucas Fernandes	Cap C. Fernandes	70088	\N	1	2025-12-21
405	Manuela Souza	Cb C. Souza	53098	\N	11	2025-03-30
348	Antony Moreira	Cap C. Moreira	63501	\N	1	2025-11-19
315	Benjamin Pereira	Sd C. Pereira	40115	\N	12	2025-08-13
344	Miguel Teixeira	1T Teixeira	17895	\N	6	2025-11-13
380	Sophia Andrade	Sd B. Andrade	72167	\N	12	2024-03-30
342	Nicolas Costa	3S C. Costa	81969	\N	10	2025-07-15
343	Rafael Ferreira	Sd B. Ferreira	85892	\N	12	2025-08-19
376	Isabella Lima	Maj E. Lima	28719	\N	5	2023-12-18
385	Samuel Dias	Cb Dias	57008	\N	11	2025-12-14
387	Enzo Oliveira	2S C. Oliveira	56128	\N	9	2025-11-22
367	Laura Barbosa	Asp C. Barbosa	16948	\N	13	2025-07-15
353	Benjamin Machado	Sd Machado	11333	\N	12	2025-12-07
354	Felipe Nunes	2S Nunes	88066	\N	9	2025-04-09
375	Helena Ferreira	SO A. Ferreira	37745	\N	8	2025-04-30
402	Davi Ramos	Maj D. Ramos	99275	\N	5	2025-09-23
336	Antony Ribeiro	1T D. Ribeiro	24422	\N	6	2025-11-16
372	Vitor Soares	2S B. Soares	95359	\N	9	2025-04-15
381	Eduardo Teixeira	1S A. Teixeira	15167	\N	2	2024-04-19
395	Sophia Rocha	Maj A. Rocha	71424	\N	5	2025-03-17
359	Bernardo Marques	1T A. Marques	12591	\N	6	\N
314	Matheus Costa	1T B. Costa	29748	\N	6	2024-02-15
386	Lucca Cardoso	Cap Cardoso	97314	\N	1	2025-12-07
313	Maitê Alves	Asp B. Alves	24480	\N	13	2025-09-03
331	Leonardo Mendes	2S E. Mendes	88959	\N	9	\N
358	Rafael Gomes	1T D. Gomes	83375	\N	6	2025-02-17
399	Henrique Mendes	1S Mendes	28729	\N	2	2025-10-11
323	Isabella Lopes	3S A. Lopes	10625	\N	10	2025-02-16
364	Lorenzo Lopes	3S E. Lopes	17471	\N	10	2024-02-13
332	Felipe Ramos	Cb B. Ramos	80607	\N	11	2025-07-22
340	Murilo Rocha	2T B. Rocha	70314	\N	7	\N
120	Militar 60	2S Sobrenome60	79209	\N	9	2025-05-30
139	Militar 79	1T Sobrenome79	51604	\N	6	2025-07-17
158	Militar 98	Ten Cel Sobrenome98	25183	\N	4	2025-03-01
207	Militar 47	Cel Sobrenome47	95008	\N	3	2025-04-01
247	Militar 87	Cap Sobrenome87	97041	\N	1	\N
407	Lorenzo Alves	Cel D. Alves	13624	\N	3	2024-12-23
408	Eduardo Andrade	1T B. Andrade	38817	\N	6	2025-09-03
361	Gabriel Fernandes	Cel C. Fernandes	23290	\N	3	2025-10-06
410	Bernardo Lopes	2T D. Lopes	77128	\N	7	2025-04-28
287	Miguel Rodrigues	Ten Cel A. Rodrigues	62159	\N	4	2025-03-07
308	Gael Souza	Cap E. Souza	33691	\N	1	2025-08-16
384	Manuela Marques	Cb C. Marques	27513	\N	11	2023-11-25
430	Samuel Cardoso	2S D. Cardoso	88854	\N	9	2025-09-10
420	Heitor Nunes	1S D. Nunes	44591	\N	2	2025-05-28
422	Daniel Lopes	Maj D. Lopes	35893	\N	5	2024-02-19
319	Helena Rodrigues	Ten Cel Rodrigues	59829	\N	4	2024-01-19
424	Vitor Freitas	Sd B. Freitas	54060	\N	12	2024-10-19
428	Bryan Santos	Maj A. Santos	36998	\N	5	2025-06-09
29	Leticia Rodrigues	2S Rodrigues	50145	\N	9	2024-07-20
199	Militar 39	Cap Sobrenome39	33607	\N	1	\N
417	Manuela Martins	2S D. Martins	99120	\N	9	2025-03-20
341	Daniel Martins	1T D. Martins	11114	\N	6	2025-09-11
413	Murilo Alves	Cap D. Alves	28051	\N	1	2024-09-03
425	Samuel Dias	1T A. Dias	49091	\N	6	2025-06-16
412	Bryan Freitas	Cap C. Freitas	81732	\N	1	2025-09-20
178	Militar 18	Ten Cel Sobrenome18	31620	\N	4	2025-07-16
433	Heitor Goncalves	2S C. Goncalves	35727	\N	9	2025-10-31
421	Alice Alves	Ten Cel E. Alves	14467	\N	4	2024-11-26
411	Rafael Gomes	2S A. Gomes	72528	\N	9	2025-03-02
1	Carlos Silva	Cap Silva	1001	\N	1	2025-11-24
50	Marcos Almeida	Cap Almeida	47193	\N	1	2025-11-24
427	Bernardo Santos	Cel C. Santos	49649	\N	3	2025-07-13
431	Lucca Ribeiro	1S C. Ribeiro	96599	\N	2	2024-01-31
423	Matheus Vieira	Maj E. Vieira	16942	\N	5	2025-12-04
429	Miguel Ferreira	Sd C. Ferreira	51151	\N	12	2025-11-21
418	Benjamin Mendes	3S Mendes	69269	\N	10	2025-06-18
416	Bernardo Oliveira	3S B. Oliveira	43584	\N	10	2024-03-16
415	Vitor Santana	Cel E. Santana	40074	\N	3	2025-10-28
409	Davi Fernandes	3S C. Fernandes	53319	\N	10	2025-03-12
432	Isabella Rocha	Cel D. Rocha	16086	\N	3	2024-05-28
414	Maria Barbosa	Cb C. Barbosa	38663	\N	11	2025-11-23
419	Davi Dias	Sd B. Dias	75089	\N	12	2024-05-01
267	Miguel Rodrigues	SO Rodrigues	88004	\N	8	2024-10-20
225	Militar 65	Ten Cel Sobrenome65	67687	\N	4	2025-05-16
306	Murilo Nascimento	Sd A. Nascimento	85032	\N	12	2025-04-23
426	Liz Gomes	Cb E. Gomes	47518	\N	11	2025-04-08
9	Nome Cb Auxiliar	Cb Auxiliar	2007	\N	11	2025-06-18
70	Militar 10	Maj Sobrenome10	50487	\N	5	2025-04-28
92	Militar 32	Cel Sobrenome32	17439	\N	3	2025-04-16
104	Militar 44	Maj Sobrenome44	79279	\N	5	2024-09-29
6	Nome SO Experiente	SO Experiente	2004	\N	8	\N
20	Leticia Rocha	Ten Cel Rocha	14100	\N	4	2025-09-23
48	Vanessa Cavalcanti	1T Cavalcanti	47430	\N	6	2025-09-18
46	Larissa Barbosa	Maj Barbosa	50951	\N	5	2025-03-16
58	Gabriel Moreira	Cel Moreira	37514	\N	3	2025-07-17
73	Militar 13	Maj Sobrenome13	93121	\N	5	2024-10-03
86	Militar 26	Sd Sobrenome26	71974	\N	12	2025-09-27
98	Militar 38	Ten Cel Sobrenome38	35822	\N	4	2025-10-15
112	Militar 52	1S Sobrenome52	96216	\N	2	2024-12-16
124	Militar 64	Ten Cel Sobrenome64	51217	\N	4	2024-08-16
138	Militar 78	2S Sobrenome78	36783	\N	9	2024-06-11
149	Militar 89	Ten Cel Sobrenome89	72614	\N	4	2025-07-19
162	Militar 2	2T Sobrenome2	96401	\N	7	2025-03-30
145	Militar 85	Ten Cel Sobrenome85	43526	\N	4	\N
176	Militar 16	Sd Sobrenome16	20124	\N	12	2024-11-16
197	Militar 37	Maj Sobrenome37	13211	\N	5	2025-05-31
263	Lucas Carvalho	1S Carvalho	88000	\N	2	2025-07-13
217	Militar 57	3S Sobrenome57	39276	\N	10	2025-03-05
269	Gabriel Oliveira	SO Oliveira	88006	\N	8	2025-12-20
209	Militar 49	Cb Sobrenome49	60087	\N	11	2024-02-14
281	Patricia Pereira	SO Pereira	88018	\N	8	2025-11-11
260	Carlos Rocha da Silva	1S Rocha	99001	\N	2	2024-07-26
295	Maitê Freitas	1T B. Freitas	24084	\N	6	2025-08-06
307	Maria Machado	SO E. Machado	47020	\N	8	2024-07-08
391	Rafael Nascimento	Cap E. Nascimento	36781	\N	1	2025-03-23
311	Isaac Martins	1T E. Martins	94814	\N	6	\N
347	Theo Rodrigues	Ten Cel B. Rodrigues	96359	\N	4	2025-09-23
363	Theo Freitas	Sd E. Freitas	29951	\N	12	2025-11-04
370	Felipe Santos	Ten Cel D. Santos	20324	\N	4	2024-04-04
335	Isaac Goncalves	1T B. Goncalves	90384	\N	6	2024-03-15
330	Vitor Ribeiro	1T D. Ribeiro	10954	\N	6	2025-07-12
\.


--
-- Data for Name: contratos_comissao; Type: TABLE DATA; Schema: public; Owner: admin_contratos
--

COPY public.contratos_comissao (id, tipo, ativa, contrato_id) FROM stdin;
1	FISCALIZACAO	t	1
2	FISCALIZACAO	t	2
3	FISCALIZACAO	t	3
4	FISCALIZACAO	f	4
5	FISCALIZACAO	t	5
6	FISCALIZACAO	t	26
7	RECEBIMENTO	t	26
8	FISCALIZACAO	t	27
9	RECEBIMENTO	t	27
10	FISCALIZACAO	t	28
11	RECEBIMENTO	t	28
12	FISCALIZACAO	t	29
13	RECEBIMENTO	t	29
14	FISCALIZACAO	t	30
15	RECEBIMENTO	t	30
16	FISCALIZACAO	t	31
17	RECEBIMENTO	t	31
18	FISCALIZACAO	t	32
19	RECEBIMENTO	t	32
20	FISCALIZACAO	t	33
21	RECEBIMENTO	t	33
22	FISCALIZACAO	t	34
23	RECEBIMENTO	t	34
24	FISCALIZACAO	t	35
25	RECEBIMENTO	t	35
26	FISCALIZACAO	t	36
27	RECEBIMENTO	t	36
28	FISCALIZACAO	t	37
29	RECEBIMENTO	t	37
30	FISCALIZACAO	t	38
31	RECEBIMENTO	t	38
32	FISCALIZACAO	t	39
33	RECEBIMENTO	t	39
34	FISCALIZACAO	t	40
35	RECEBIMENTO	t	40
36	FISCALIZACAO	t	41
37	RECEBIMENTO	t	41
38	FISCALIZACAO	t	42
39	RECEBIMENTO	t	42
40	FISCALIZACAO	t	43
41	RECEBIMENTO	t	43
42	FISCALIZACAO	t	44
43	RECEBIMENTO	t	44
44	FISCALIZACAO	t	45
45	RECEBIMENTO	t	45
46	FISCALIZACAO	t	46
47	RECEBIMENTO	t	46
48	FISCALIZACAO	t	47
49	RECEBIMENTO	t	47
50	FISCALIZACAO	t	48
51	RECEBIMENTO	t	48
52	FISCALIZACAO	t	49
53	RECEBIMENTO	t	49
54	FISCALIZACAO	t	50
55	RECEBIMENTO	t	50
56	FISCALIZACAO	t	51
57	FISCALIZACAO	t	52
58	FISCALIZACAO	t	53
59	FISCALIZACAO	t	54
60	FISCALIZACAO	t	55
61	FISCALIZACAO	t	56
62	FISCALIZACAO	t	57
63	FISCALIZACAO	t	58
64	FISCALIZACAO	t	59
65	FISCALIZACAO	t	60
66	FISCALIZACAO	t	61
67	FISCALIZACAO	t	62
68	FISCALIZACAO	t	63
69	FISCALIZACAO	t	64
70	FISCALIZACAO	t	65
71	FISCALIZACAO	t	66
72	FISCALIZACAO	t	67
73	FISCALIZACAO	t	68
74	FISCALIZACAO	t	69
75	FISCALIZACAO	t	70
76	FISCALIZACAO	t	71
77	FISCALIZACAO	t	72
78	FISCALIZACAO	t	73
79	FISCALIZACAO	t	74
80	FISCALIZACAO	t	75
81	FISCALIZACAO	t	76
82	FISCALIZACAO	t	77
83	FISCALIZACAO	t	78
84	FISCALIZACAO	t	79
85	FISCALIZACAO	t	80
86	FISCALIZACAO	t	81
87	FISCALIZACAO	t	82
88	RECEBIMENTO	t	82
89	FISCALIZACAO	f	83
90	FISCALIZACAO	f	84
91	RECEBIMENTO	f	84
92	FISCALIZACAO	f	85
93	FISCALIZACAO	t	86
94	FISCALIZACAO	f	87
95	RECEBIMENTO	f	87
96	FISCALIZACAO	t	88
97	RECEBIMENTO	t	88
98	FISCALIZACAO	t	89
99	FISCALIZACAO	t	90
100	RECEBIMENTO	t	90
101	FISCALIZACAO	t	91
102	FISCALIZACAO	t	92
103	RECEBIMENTO	t	92
104	FISCALIZACAO	t	93
105	FISCALIZACAO	t	94
106	RECEBIMENTO	t	94
107	FISCALIZACAO	t	95
108	FISCALIZACAO	t	96
109	RECEBIMENTO	t	96
110	FISCALIZACAO	f	97
111	RECEBIMENTO	f	97
112	FISCALIZACAO	t	98
113	RECEBIMENTO	t	98
114	FISCALIZACAO	t	99
115	RECEBIMENTO	t	99
116	FISCALIZACAO	t	100
117	RECEBIMENTO	t	100
118	FISCALIZACAO	t	101
119	FISCALIZACAO	t	102
120	FISCALIZACAO	t	103
121	RECEBIMENTO	t	103
122	FISCALIZACAO	t	104
123	FISCALIZACAO	t	105
124	FISCALIZACAO	t	106
125	FISCALIZACAO	t	107
126	FISCALIZACAO	t	108
127	RECEBIMENTO	t	108
128	FISCALIZACAO	t	109
129	FISCALIZACAO	t	110
130	FISCALIZACAO	t	111
131	FISCALIZACAO	t	112
132	FISCALIZACAO	t	113
133	FISCALIZACAO	f	114
134	FISCALIZACAO	t	115
135	FISCALIZACAO	f	116
136	RECEBIMENTO	f	116
137	FISCALIZACAO	t	117
138	FISCALIZACAO	t	118
139	RECEBIMENTO	t	118
140	FISCALIZACAO	f	119
141	RECEBIMENTO	f	119
142	FISCALIZACAO	t	120
143	FISCALIZACAO	t	121
144	FISCALIZACAO	f	122
145	RECEBIMENTO	f	122
146	FISCALIZACAO	t	123
147	FISCALIZACAO	t	124
148	RECEBIMENTO	t	124
149	FISCALIZACAO	t	125
150	FISCALIZACAO	t	126
151	FISCALIZACAO	t	127
152	RECEBIMENTO	t	127
153	FISCALIZACAO	t	128
154	RECEBIMENTO	t	128
155	FISCALIZACAO	t	129
156	FISCALIZACAO	t	130
157	RECEBIMENTO	t	130
158	FISCALIZACAO	t	131
159	RECEBIMENTO	t	131
160	FISCALIZACAO	f	132
161	FISCALIZACAO	t	133
162	FISCALIZACAO	t	134
163	RECEBIMENTO	t	134
164	FISCALIZACAO	f	135
165	FISCALIZACAO	t	136
166	RECEBIMENTO	t	136
167	FISCALIZACAO	t	137
168	RECEBIMENTO	t	137
169	FISCALIZACAO	f	138
170	RECEBIMENTO	f	138
171	FISCALIZACAO	t	139
172	RECEBIMENTO	t	139
173	FISCALIZACAO	t	140
174	FISCALIZACAO	f	141
175	RECEBIMENTO	f	141
\.


--
-- Data for Name: contratos_contrato; Type: TABLE DATA; Schema: public; Owner: admin_contratos
--

COPY public.contratos_contrato (id, numero, objeto, vigencia_inicio, vigencia_fim, valor_total, empresa_id) FROM stdin;
1	01/2026	Limpeza e Conservação	2026-01-01	2030-12-31	200000.00	1
2	90/2025	Manutenção de TI Crítica	2025-04-05	2026-11-26	150000.00	2
3	91/2025	Vigilância Armada	2025-07-14	2027-03-06	500000.00	3
4	10/2024	Obras do Hangar Antigo	2024-01-01	2024-12-31	1000000.00	4
5	05/2026	Fornecimento de Café	2026-01-30	2027-12-31	20000.00	5
6	5279/2024	Aquisição de Bens Permanentes - Lote 0	2024-05-25	2025-05-25	150000.00	36
7	5856/2025	Aquisição de Bens Permanentes - Lote 1	2025-04-09	2026-04-09	150000.00	30
8	5265/2025	Aquisição de Bens Permanentes - Lote 2	2025-01-21	2026-01-21	150000.00	33
9	5928/2024	Aquisição de Bens Permanentes - Lote 3	2024-01-07	2025-01-06	150000.00	36
10	5881/2024	Aquisição de Bens Permanentes - Lote 4	2024-01-28	2025-01-27	150000.00	32
11	5247/2026	Aquisição de Bens Permanentes - Lote 5	2026-02-05	2027-02-05	150000.00	32
12	5742/2024	Aquisição de Bens Permanentes - Lote 6	2024-02-05	2025-02-04	150000.00	36
13	5088/2024	Aquisição de Bens Permanentes - Lote 7	2024-03-06	2025-03-06	150000.00	30
14	5252/2026	Aquisição de Bens Permanentes - Lote 8	2026-05-30	2027-05-30	150000.00	30
15	5129/2024	Aquisição de Bens Permanentes - Lote 9	2024-04-14	2025-04-14	150000.00	29
16	5117/2025	Aquisição de Bens Permanentes - Lote 10	2025-03-18	2026-03-18	150000.00	33
17	5383/2025	Aquisição de Bens Permanentes - Lote 11	2025-04-21	2026-04-21	150000.00	31
18	5550/2026	Aquisição de Bens Permanentes - Lote 12	2026-03-18	2027-03-18	150000.00	30
19	5000/2024	Aquisição de Bens Permanentes - Lote 13	2024-01-07	2025-01-06	150000.00	28
20	5324/2024	Aquisição de Bens Permanentes - Lote 14	2024-02-23	2025-02-22	150000.00	34
21	5464/2024	Aquisição de Bens Permanentes - Lote 15	2024-03-07	2025-03-07	150000.00	29
22	5757/2024	Aquisição de Bens Permanentes - Lote 16	2024-04-07	2025-04-07	150000.00	28
23	5513/2026	Aquisição de Bens Permanentes - Lote 17	2026-04-19	2027-04-19	150000.00	29
24	5011/2024	Aquisição de Bens Permanentes - Lote 18	2024-01-30	2025-01-29	150000.00	29
25	5381/2025	Aquisição de Bens Permanentes - Lote 19	2025-01-19	2026-01-19	150000.00	34
26	5865/2024	Aquisição de Bens Permanentes - Lote 0	2024-02-08	2025-02-07	150000.00	46
27	5757/2025	Aquisição de Bens Permanentes - Lote 1	2025-06-10	2026-06-10	150000.00	38
28	5728/2024	Aquisição de Bens Permanentes - Lote 2	2024-02-10	2025-02-09	150000.00	39
29	5467/2024	Aquisição de Bens Permanentes - Lote 3	2024-02-24	2025-02-23	150000.00	45
30	5596/2026	Aquisição de Bens Permanentes - Lote 4	2026-05-22	2027-05-22	150000.00	38
31	5196/2025	Aquisição de Bens Permanentes - Lote 5	2025-03-08	2026-03-08	150000.00	44
32	5497/2024	Aquisição de Bens Permanentes - Lote 6	2024-05-24	2025-05-24	150000.00	44
33	5689/2024	Aquisição de Bens Permanentes - Lote 7	2024-06-24	2025-06-24	150000.00	41
34	5624/2026	Aquisição de Bens Permanentes - Lote 8	2026-05-10	2027-05-10	150000.00	42
35	5022/2026	Aquisição de Bens Permanentes - Lote 9	2026-05-08	2027-05-08	150000.00	46
36	5027/2024	Aquisição de Bens Permanentes - Lote 10	2024-02-09	2025-02-08	150000.00	45
37	5952/2025	Aquisição de Bens Permanentes - Lote 11	2025-06-03	2026-06-03	150000.00	38
38	5377/2025	Aquisição de Bens Permanentes - Lote 12	2025-05-08	2026-05-08	150000.00	43
39	5744/2025	Aquisição de Bens Permanentes - Lote 13	2025-06-22	2026-06-22	150000.00	40
40	5133/2025	Aquisição de Bens Permanentes - Lote 14	2025-04-20	2026-04-20	150000.00	41
41	5851/2025	Aquisição de Bens Permanentes - Lote 15	2025-06-28	2026-06-28	150000.00	41
42	5364/2024	Aquisição de Bens Permanentes - Lote 16	2024-03-27	2025-03-27	150000.00	39
43	5093/2025	Aquisição de Bens Permanentes - Lote 17	2025-03-25	2026-03-25	150000.00	45
44	5056/2024	Aquisição de Bens Permanentes - Lote 18	2024-03-09	2025-03-09	150000.00	38
45	5755/2024	Aquisição de Bens Permanentes - Lote 19	2024-03-19	2025-03-19	150000.00	39
46	6001/2026	Contrato Completo (Com Membros de Fiscalização) - Exemplo 1	2025-12-21	2026-12-21	250000.00	16
47	6002/2026	Contrato Completo (Com Membros de Fiscalização) - Exemplo 2	2026-01-19	2027-01-19	250000.00	15
48	6003/2026	Contrato Completo (Com Membros de Fiscalização) - Exemplo 3	2025-12-25	2026-12-25	250000.00	29
49	6004/2026	Contrato Completo (Com Membros de Fiscalização) - Exemplo 4	2026-01-16	2027-01-16	250000.00	5
50	6005/2026	Contrato Completo (Com Membros de Fiscalização) - Exemplo 5	2025-12-14	2026-12-14	250000.00	21
51	7000/2026	Serviço Continuado de Manutenção Predial - Prédio 1	2025-12-05	2026-12-05	120000.00	26
52	7001/2026	Serviço Continuado de Manutenção Predial - Prédio 2	2025-12-24	2026-12-24	120000.00	33
53	7002/2026	Serviço Continuado de Manutenção Predial - Prédio 3	2026-01-08	2027-01-08	120000.00	45
54	7003/2026	Serviço Continuado de Manutenção Predial - Prédio 4	2026-01-24	2027-01-24	120000.00	12
55	7004/2026	Serviço Continuado de Manutenção Predial - Prédio 5	2025-12-15	2026-12-15	120000.00	13
56	7005/2026	Serviço Continuado de Manutenção Predial - Prédio 6	2025-11-28	2026-11-28	120000.00	46
57	7006/2026	Serviço Continuado de Manutenção Predial - Prédio 7	2025-10-27	2026-10-27	120000.00	25
58	7007/2026	Serviço Continuado de Manutenção Predial - Prédio 8	2025-10-23	2026-10-23	120000.00	5
59	7008/2026	Serviço Continuado de Manutenção Predial - Prédio 9	2025-12-28	2026-12-28	120000.00	22
60	7009/2026	Serviço Continuado de Manutenção Predial - Prédio 10	2025-11-14	2026-11-14	120000.00	23
61	7010/2026	Serviço Continuado de Manutenção Predial - Prédio 11	2025-11-15	2026-11-15	120000.00	32
62	7011/2026	Serviço Continuado de Manutenção Predial - Prédio 12	2025-11-27	2026-11-27	120000.00	46
63	7012/2026	Serviço Continuado de Manutenção Predial - Prédio 13	2026-01-11	2027-01-11	120000.00	41
64	7013/2026	Serviço Continuado de Manutenção Predial - Prédio 14	2025-12-05	2026-12-05	120000.00	44
65	7014/2026	Serviço Continuado de Manutenção Predial - Prédio 15	2026-01-19	2027-01-19	120000.00	42
66	7015/2026	Serviço Continuado de Manutenção Predial - Prédio 16	2025-12-18	2026-12-18	120000.00	23
67	7016/2026	Serviço Continuado de Manutenção Predial - Prédio 17	2026-01-05	2027-01-05	120000.00	24
68	7017/2026	Serviço Continuado de Manutenção Predial - Prédio 18	2026-01-08	2027-01-08	120000.00	9
69	7018/2026	Serviço Continuado de Manutenção Predial - Prédio 19	2025-11-02	2026-11-02	120000.00	12
70	7019/2026	Serviço Continuado de Manutenção Predial - Prédio 20	2025-12-24	2026-12-24	120000.00	43
71	7020/2026	Serviço Continuado de Manutenção Predial - Prédio 21	2025-12-03	2026-12-03	120000.00	28
72	7021/2026	Serviço Continuado de Manutenção Predial - Prédio 22	2025-10-23	2026-10-23	120000.00	24
73	7022/2026	Serviço Continuado de Manutenção Predial - Prédio 23	2025-12-26	2026-12-26	120000.00	6
74	7023/2026	Serviço Continuado de Manutenção Predial - Prédio 24	2025-11-05	2026-11-05	120000.00	24
75	7024/2026	Serviço Continuado de Manutenção Predial - Prédio 25	2025-11-08	2026-11-08	120000.00	7
76	7025/2026	Serviço Continuado de Manutenção Predial - Prédio 26	2025-11-19	2026-11-19	120000.00	15
77	7026/2026	Serviço Continuado de Manutenção Predial - Prédio 27	2025-12-25	2026-12-25	120000.00	43
78	7027/2026	Serviço Continuado de Manutenção Predial - Prédio 28	2026-01-16	2027-01-16	120000.00	13
79	7028/2026	Serviço Continuado de Manutenção Predial - Prédio 29	2026-01-12	2027-01-12	120000.00	29
80	7029/2026	Serviço Continuado de Manutenção Predial - Prédio 30	2026-01-12	2027-01-12	120000.00	46
81	9999/2026	Serviço de Longa Duração (Teste de Continuidade)	2023-01-01	2030-12-31	500000.00	47
82	9439/2025	Obras de Pavimentação - Lote 1	2025-07-19	2029-07-18	1631789.00	63
83	9774/2024	Manutenção de Ar Condicionado - Lote 2	2024-02-24	2025-02-23	999317.00	75
84	9510/2024	Transporte de Cargas - Lote 3	2024-11-08	2025-11-08	1678044.00	60
85	9351/2024	Manutenção Predial - Lote 4	2024-04-22	2025-04-22	1261379.00	53
86	8412/2025	Transporte de Cargas - Lote 5	2025-06-24	2029-06-23	211052.00	67
87	8268/2024	Serviço de Vigilância Armada - Lote 6	2024-12-24	2025-12-24	629411.00	76
88	9711/2025	Serviço de Limpeza e Conservação - Lote 7	2025-11-29	2029-11-28	1021242.00	55
89	9426/2025	Fornecimento de Gêneros Alimentícios - Lote 8	2025-11-27	2028-11-26	211177.00	64
90	9860/2025	Locação de Veículos - Lote 9	2025-09-06	2029-09-05	584418.00	62
91	9823/2025	Gestão de Resíduos Sólidos - Lote 10	2025-09-11	2027-09-11	864844.00	49
92	8204/2025	Fornecimento de Gêneros Alimentícios - Lote 11	2025-05-14	2026-05-14	1115209.00	70
93	8012/2025	Aquisição de Mobiliário - Lote 12	2025-07-23	2027-07-23	1882986.00	66
94	9043/2025	Consultoria em TI - Lote 13	2025-10-07	2029-10-06	1517654.00	76
95	9889/2025	Obras de Pavimentação - Lote 14	2025-10-06	2028-10-05	749723.00	69
96	9862/2025	Manutenção Predial - Lote 15	2025-05-09	2026-05-09	1380661.00	55
97	8550/2024	Obras de Pavimentação - Lote 16	2024-11-18	2025-11-18	190438.00	49
98	8680/2025	Aquisição de Material de Expediente - Lote 17	2025-05-02	2029-05-01	160096.00	48
99	8302/2025	Manutenção de Ar Condicionado - Lote 18	2025-04-08	2026-04-08	350367.00	51
100	8014/2025	Manutenção de Ar Condicionado - Lote 19	2025-11-24	2029-11-23	1436576.00	59
101	9555/2025	Transporte de Cargas - Lote 20	2025-05-16	2026-05-16	1927516.00	70
102	8062/2026	Aquisição de Material de Expediente - Lote 21	2026-03-12	2027-03-12	227303.00	57
103	8194/2026	Obras de Pavimentação - Lote 22	2026-01-08	2030-01-07	867863.00	70
104	9027/2026	Aquisição de Material de Expediente - Lote 23	2026-03-11	2027-03-11	1264742.00	49
105	9313/2025	Serviço de Vigilância Armada - Lote 24	2025-04-08	2027-04-08	227079.00	58
106	9216/2025	Locação de Veículos - Lote 25	2025-05-18	2026-05-18	1532285.00	73
107	8196/2025	Aquisição de Material de Expediente - Lote 26	2025-10-31	2028-10-30	1498967.00	77
108	9662/2025	Serviço de Limpeza e Conservação - Lote 27	2025-07-28	2027-07-28	1361756.00	53
109	9229/2025	Transporte de Cargas - Lote 28	2025-11-07	2028-11-06	88713.00	63
110	8007/2025	Obras de Pavimentação - Lote 29	2025-11-04	2026-11-04	465105.00	69
111	9793/2026	Serviço de Vigilância Armada - Lote 30	2026-02-10	2027-02-10	1830220.00	58
112	8867/2026	Locação de Veículos - Lote 31	2026-01-11	2030-01-10	610361.00	65
113	8797/2025	Manutenção Predial - Lote 32	2025-05-12	2028-05-11	691695.00	76
114	8135/2024	Fornecimento de Gêneros Alimentícios - Lote 33	2024-03-25	2025-03-25	64293.00	74
115	9621/2025	Serviço de Vigilância Armada - Lote 34	2025-08-08	2026-08-08	645627.00	74
116	9765/2024	Fornecimento de Gêneros Alimentícios - Lote 35	2024-04-28	2025-04-28	419147.00	54
117	8802/2025	Manutenção de Ar Condicionado - Lote 36	2025-05-29	2029-05-28	935792.00	60
118	9584/2025	Serviço de Limpeza e Conservação - Lote 37	2025-04-13	2028-04-12	1456979.00	58
119	9569/2024	Transporte de Cargas - Lote 38	2024-10-20	2025-10-20	326696.00	77
120	8646/2025	Aquisição de Material de Expediente - Lote 39	2025-06-07	2029-06-06	1753303.00	58
121	9008/2025	Obras de Pavimentação - Lote 40	2025-08-18	2026-08-18	478707.00	56
122	8125/2024	Gestão de Resíduos Sólidos - Lote 41	2024-08-18	2025-08-18	1945686.00	68
123	8151/2025	Transporte de Cargas - Lote 42	2025-06-27	2028-06-26	1414605.00	67
124	9610/2025	Serviço de Vigilância Armada - Lote 43	2025-07-19	2026-07-19	1356471.00	59
125	8876/2025	Fornecimento de Gêneros Alimentícios - Lote 44	2025-11-25	2028-11-24	1644103.00	52
126	8023/2025	Locação de Veículos - Lote 45	2025-05-12	2028-05-11	1745210.00	75
127	9285/2025	Manutenção de Ar Condicionado - Lote 46	2025-09-02	2027-09-02	99033.00	57
128	9247/2025	Aquisição de Mobiliário - Lote 47	2025-07-06	2029-07-05	963845.00	68
129	9990/2025	Fornecimento de Gêneros Alimentícios - Lote 48	2025-07-19	2029-07-18	1153110.00	64
130	9854/2025	Gestão de Resíduos Sólidos - Lote 49	2025-11-02	2028-11-01	769268.00	75
131	9088/2025	Serviço de Vigilância Armada - Lote 50	2025-10-23	2029-10-22	1935107.00	55
132	8535/2024	Transporte de Cargas - Lote 51	2024-10-27	2025-10-27	910098.00	60
133	8317/2025	Fornecimento de Gêneros Alimentícios - Lote 52	2025-04-10	2027-04-10	709324.00	74
134	8139/2026	Manutenção Predial - Lote 53	2026-03-07	2027-03-07	223906.00	58
135	8994/2024	Obras de Pavimentação - Lote 54	2024-02-16	2025-02-15	1529369.00	77
136	8848/2026	Transporte de Cargas - Lote 55	2026-01-03	2028-01-03	1399967.00	77
137	9671/2025	Transporte de Cargas - Lote 56	2025-08-03	2027-08-03	1163745.00	72
138	9325/2024	Fornecimento de Gêneros Alimentícios - Lote 57	2024-11-07	2025-11-07	1854647.00	59
139	8934/2026	Transporte de Cargas - Lote 58	2026-03-22	2027-03-22	1923772.00	74
140	9881/2025	Consultoria em TI - Lote 59	2025-09-26	2027-09-26	1385507.00	60
141	8032/2024	Transporte de Cargas - Lote 60	2024-04-08	2025-04-08	485643.00	60
\.


--
-- Data for Name: contratos_empresa; Type: TABLE DATA; Schema: public; Owner: admin_contratos
--

COPY public.contratos_empresa (id, razao_social, cnpj, contato) FROM stdin;
1	Serviços Gerais Ltda	12345678000199	\N
2	Tech Solutions Ltda	CNPJ001	\N
3	Segurança Forte S.A.	CNPJ002	\N
4	Limpeza Brilho Total	CNPJ003	\N
5	Construções Rápidas	CNPJ004	\N
6	Alimentos Saborosos	CNPJ005	\N
7	Alimentos Ferreira e Associados	97228882000176	\N
8	Alimentos Costa Systems	70919045000188	\N
9	Serviços Carvalho Systems	42284898000121	\N
10	Tecnologia Franco Solutions	80947830000170	\N
11	Consultoria Costa Solutions	23116442000114	\N
12	Alimentos Alves S.A.	55074982000170	\N
13	Consultoria Santos Ltda	18601198000181	\N
14	Engenharia Rocha Ltda	45540804000194	\N
15	Alimentos Dias Group	32053325000170	\N
16	Alimentos Ribeiro e Associados	23748476000172	\N
17	Alimentos Nunes ME	63956386000158	\N
18	Serviços Moreira Ltda	85930345000152	\N
19	Limpeza Martins Ltda	80701317000163	\N
20	Alimentos Costa e Associados	46413591000193	\N
21	Segurança Miguel e Associados	50285523000142	\N
22	Segurança Vieira Solutions	90590289000193	\N
23	Serviços Nunes e Associados	21249560000113	\N
24	Logística Lima EPP	30873042000146	\N
25	Tecnologia Vieira Group	57822991000176	\N
26	Construções Ferreira EPP	88614400000148	\N
27	Fornecedora V5 0	4376306700010	\N
28	Fornecedora V5 1	1088524900011	\N
29	Fornecedora V5 2	9789526400012	\N
30	Fornecedora V5 3	1496952200013	\N
31	Fornecedora V5 4	2786575700014	\N
32	Fornecedora V5 5	4212757400015	\N
33	Fornecedora V5 6	1956833200016	\N
34	Fornecedora V5 7	1075540600017	\N
35	Fornecedora V5 8	9497121800018	\N
36	Fornecedora V5 9	4126836100019	\N
37	Fornecedora V5 0	7970746700010	\N
38	Fornecedora V5 1	7943186700011	\N
39	Fornecedora V5 2	6187848100012	\N
40	Fornecedora V5 3	4728987800013	\N
41	Fornecedora V5 4	6787052300014	\N
42	Fornecedora V5 5	1080227900015	\N
43	Fornecedora V5 6	7823464300016	\N
44	Fornecedora V5 7	8376806300017	\N
45	Fornecedora V5 8	9446272600018	\N
46	Fornecedora V5 9	5921063600019	\N
47	Empresa Longa Data Ltda	88888888000188	\N
48	Tecnologia Ribeiro ME	91358632000188	\N
49	Serviços Andrade S.A.	65680183000114	\N
50	Comercial Lima EIRELI	56579399000186	\N
51	Comercial Nunes ME	24864354000116	\N
52	Comercial Vieira EIRELI	55278416000162	\N
53	Construtora Santos ME	29724206000126	\N
54	Construtora Dias Ltda	69993647000156	\N
55	Serviços Almeida EIRELI	84986041000180	\N
56	Comercial Santos ME	15487794000196	\N
57	Comercial Lima Ltda	18913596000128	\N
58	Soluções Vieira Ltda	10007779000167	\N
59	Construtora Ribeiro Ltda	72231312000164	\N
60	Tecnologia Silva ME	42568089000110	\N
61	Construtora Ramos EIRELI	47004731000138	\N
62	Construtora Alves Logística	65467160000171	\N
63	Soluções Ribeiro EIRELI	57294577000178	\N
64	Comercial Almeida EIRELI	90714349000134	\N
65	Soluções Moreira Logística	30491230000144	\N
66	Soluções Lopes S.A.	30218950000198	\N
67	Serviços Rodrigues ME	95279929000135	\N
68	Soluções Rocha ME	72696865000171	\N
69	Serviços Vieira ME	88390923000155	\N
70	Grupo Dias Engenharia	47879961000161	\N
71	Construtora Ferreira Engenharia	24448037000192	\N
72	Comercial Martins ME	85704378000127	\N
73	Comercial Machado EIRELI	32943771000144	\N
74	Serviços Ramos Logística	16154633000142	\N
75	Serviços Andrade S.A.	30229187000124	\N
76	Comercial Soares Logística	65994192000160	\N
77	Tecnologia Machado S.A.	36956388000167	\N
\.


--
-- Data for Name: contratos_funcao; Type: TABLE DATA; Schema: public; Owner: admin_contratos
--

COPY public.contratos_funcao (id, titulo, sigla, ativa) FROM stdin;
1	Gestor	Gestor	t
2	Fiscal Técnico	F. Tec	t
3	Fiscal Administrativo	F. Adm	t
4	Fiscal Suplente	F. Sup	t
5	Membro - Comissão Fiscalização	Membro COMFISC	t
6	Membro - Comissão Recebimento	Membro COMREC	t
7	Suplente	Sup	t
8	Membro Comissão de Fiscalização	Membro (Fisc)	t
9	Presidente	Pres.	t
10	Presidente Suplente	Pres. Sup.	t
11	Membro Comissão de Recebimento	Membro (Rec)	t
\.


--
-- Data for Name: contratos_integrante; Type: TABLE DATA; Schema: public; Owner: admin_contratos
--

COPY public.contratos_integrante (id, data_inicio, data_fim, portaria_numero, portaria_data, boletim_numero, boletim_data, observacao, agente_id, comissao_id, funcao_id) FROM stdin;
1	2026-01-01	2028-01-01	Portaria 10/DIR	2025-12-20	BCA 001	2026-01-02	\N	1	1	1
2	2026-01-01	2027-01-01	Portaria 15/DIR	2025-12-25	BCA 002	2026-01-05	\N	2	1	2
3	2025-10-22	2026-02-02	Portaria 90A	2025-10-22	\N	\N	\N	4	2	1
4	2025-10-22	2026-02-04	Portaria 90A	2025-10-22	\N	\N	\N	3	2	2
5	2025-10-22	2026-02-11	Portaria 91B	2025-10-22	\N	\N	\N	2	3	1
6	2025-10-22	2026-03-31	Portaria 91B	2025-10-22	\N	\N	\N	3	3	4
7	2024-01-05	2024-06-01	Portaria 2024/01	2024-01-02	BCA 002/24	2024-01-05	\N	6	4	1
8	2024-06-02	2024-12-31	Portaria 2024/02	2024-06-01	BCA 100/24	2024-06-02	\N	7	4	2
9	2026-01-30	2027-01-30	Portaria Café	2026-01-30	\N	\N	\N	3	5	3
44	2026-05-22	2027-01-30	Port. Rec 02	2026-05-22	\N	\N	\N	188	15	11
43	2026-05-22	2027-01-30	Port. Rec 02	2026-05-22	\N	\N	\N	171	15	11
42	2026-05-22	2026-02-13	Port. Rec 02	2026-05-22	\N	\N	\N	249	15	10
40	2026-05-22	2027-01-30	Port. Fisc 01	2026-05-22	\N	\N	\N	235	14	4
39	2026-05-22	2027-01-30	Port. Fisc 01	2026-05-22	\N	\N	\N	257	14	2
67	2026-05-10	2027-01-30	Port. Fisc 01	2026-05-10	\N	\N	\N	208	22	2
68	2026-05-10	2027-01-30	Port. Fisc 01	2026-05-10	\N	\N	\N	194	22	4
69	2026-05-10	2026-02-05	Port. Rec 02	2026-05-10	\N	\N	\N	231	23	9
70	2026-05-10	2026-02-13	Port. Rec 02	2026-05-10	\N	\N	\N	163	23	10
71	2026-05-10	2027-01-30	Port. Rec 02	2026-05-10	\N	\N	\N	167	23	11
72	2026-05-10	2027-01-30	Port. Rec 02	2026-05-10	\N	\N	\N	195	23	11
73	2026-05-08	2027-01-30	Port. Fisc 01	2026-05-08	\N	\N	\N	161	24	1
75	2026-05-08	2026-02-09	Port. Fisc 01	2026-05-08	\N	\N	\N	221	24	4
79	2026-05-08	2027-01-30	Port. Rec 02	2026-05-08	\N	\N	\N	209	25	11
76	2026-05-08	2027-01-30	Port. Rec 02	2026-05-08	\N	\N	\N	225	25	9
77	2026-05-08	2027-01-30	Port. Rec 02	2026-05-08	\N	\N	\N	253	25	10
78	2026-05-08	2027-01-30	Port. Rec 02	2026-05-08	\N	\N	\N	218	25	11
74	2026-05-08	2026-02-01	Port. Fisc 01	2026-05-08	\N	\N	\N	259	24	2
20	2025-06-10	2026-06-10	Port. Rec 02	2025-06-10	\N	\N	\N	258	9	9
19	2025-06-10	2026-06-10	Port. Fisc 01	2025-06-10	\N	\N	\N	235	8	4
18	2025-06-10	2026-02-11	Port. Fisc 01	2025-06-10	\N	\N	\N	223	8	2
21	2025-06-10	2026-02-01	Port. Rec 02	2025-06-10	\N	\N	\N	245	9	10
22	2025-06-10	2026-06-10	Port. Rec 02	2025-06-10	\N	\N	\N	252	9	11
23	2025-06-10	2026-02-11	Port. Rec 02	2025-06-10	\N	\N	\N	227	9	11
87	2025-06-03	2026-06-03	Port. Fisc 01	2025-06-03	\N	\N	\N	212	28	1
50	2025-03-08	2026-02-05	Port. Rec 02	2025-03-08	\N	\N	\N	177	17	11
51	2025-03-08	2026-03-08	Port. Rec 02	2025-03-08	\N	\N	\N	164	17	11
45	2025-03-08	2026-03-08	Port. Fisc 01	2025-03-08	\N	\N	\N	196	16	1
46	2025-03-08	2026-03-08	Port. Fisc 01	2025-03-08	\N	\N	\N	233	16	2
47	2025-03-08	2026-03-08	Port. Fisc 01	2025-03-08	\N	\N	\N	232	16	4
48	2025-03-08	2026-03-08	Port. Rec 02	2025-03-08	\N	\N	\N	257	17	9
61	2024-06-24	2025-06-24	Port. Fisc 01	2024-06-24	\N	\N	\N	164	20	4
65	2024-06-24	2025-06-24	Port. Rec 02	2024-06-24	\N	\N	\N	212	21	11
63	2024-06-24	2025-06-24	Port. Rec 02	2024-06-24	\N	\N	\N	218	21	10
59	2024-06-24	2025-06-24	Port. Fisc 01	2024-06-24	\N	\N	\N	160	20	1
60	2024-06-24	2025-06-24	Port. Fisc 01	2024-06-24	\N	\N	\N	255	20	2
62	2024-06-24	2025-06-24	Port. Rec 02	2024-06-24	\N	\N	\N	176	21	9
55	2024-05-24	2025-05-24	Port. Rec 02	2024-05-24	\N	\N	\N	161	19	9
58	2024-05-24	2025-05-24	Port. Rec 02	2024-05-24	\N	\N	\N	237	19	11
57	2024-05-24	2025-05-24	Port. Rec 02	2024-05-24	\N	\N	\N	222	19	11
54	2024-05-24	2025-05-24	Port. Fisc 01	2024-05-24	\N	\N	\N	201	18	4
53	2024-05-24	2025-05-24	Port. Fisc 01	2024-05-24	\N	\N	\N	184	18	2
52	2024-05-24	2025-05-24	Port. Fisc 01	2024-05-24	\N	\N	\N	245	18	1
37	2024-02-24	2025-02-23	Port. Rec 02	2024-02-24	\N	\N	\N	190	13	11
36	2024-02-24	2025-02-23	Port. Rec 02	2024-02-24	\N	\N	\N	219	13	11
35	2024-02-24	2025-02-23	Port. Rec 02	2024-02-24	\N	\N	\N	247	13	10
34	2024-02-24	2025-02-23	Port. Rec 02	2024-02-24	\N	\N	\N	199	13	9
32	2024-02-24	2025-02-23	Port. Fisc 01	2024-02-24	\N	\N	\N	183	12	2
31	2024-02-24	2025-02-23	Port. Fisc 01	2024-02-24	\N	\N	\N	189	12	1
28	2024-02-10	2025-02-09	Port. Rec 02	2024-02-10	\N	\N	\N	205	11	10
26	2024-02-10	2025-02-09	Port. Fisc 01	2024-02-10	\N	\N	\N	233	10	4
25	2024-02-10	2025-02-09	Port. Fisc 01	2024-02-10	\N	\N	\N	196	10	2
24	2024-02-10	2025-02-09	Port. Fisc 01	2024-02-10	\N	\N	\N	204	10	1
30	2024-02-10	2025-02-09	Port. Rec 02	2024-02-10	\N	\N	\N	202	11	11
29	2024-02-10	2025-02-09	Port. Rec 02	2024-02-10	\N	\N	\N	240	11	11
83	2024-02-09	2025-02-08	Port. Rec 02	2024-02-09	\N	\N	\N	199	27	9
80	2024-02-09	2025-02-08	Port. Fisc 01	2024-02-09	\N	\N	\N	163	26	1
84	2024-02-09	2025-02-08	Port. Rec 02	2024-02-09	\N	\N	\N	196	27	10
85	2024-02-09	2025-02-08	Port. Rec 02	2024-02-09	\N	\N	\N	168	27	11
86	2024-02-09	2025-02-08	Port. Rec 02	2024-02-09	\N	\N	\N	236	27	11
81	2024-02-09	2025-02-08	Port. Fisc 01	2024-02-09	\N	\N	\N	195	26	2
82	2024-02-09	2025-02-08	Port. Fisc 01	2024-02-09	\N	\N	\N	170	26	4
11	2024-02-08	2025-02-07	Port. Fisc 01	2024-02-08	\N	\N	\N	232	6	2
12	2024-02-08	2025-02-07	Port. Fisc 01	2024-02-08	\N	\N	\N	190	6	4
13	2024-02-08	2025-02-07	Port. Rec 02	2024-02-08	\N	\N	\N	179	7	9
14	2024-02-08	2025-02-07	Port. Rec 02	2024-02-08	\N	\N	\N	205	7	10
15	2024-02-08	2025-02-07	Port. Rec 02	2024-02-08	\N	\N	\N	165	7	11
16	2024-02-08	2025-02-07	Port. Rec 02	2024-02-08	\N	\N	\N	237	7	11
167	2026-01-19	2027-01-19	Port. 2B	2026-01-19	\N	\N	\N	166	49	11
166	2026-01-19	2026-02-12	Port. 2B	2026-01-19	\N	\N	\N	199	49	11
165	2026-01-19	2026-02-08	Port. 2B	2026-01-19	\N	\N	\N	126	49	10
164	2026-01-19	2027-01-19	Port. 2B	2026-01-19	\N	\N	\N	54	49	9
163	2026-01-19	2026-02-01	Port. 2A	2026-01-19	\N	\N	\N	244	48	8
162	2026-01-19	2026-02-09	Port. 2A	2026-01-19	\N	\N	\N	34	48	8
161	2026-01-19	2027-01-19	Port. 2A	2026-01-19	\N	\N	\N	45	48	4
159	2026-01-19	2026-02-08	Port. 2A	2026-01-19	\N	\N	\N	29	48	1
175	2025-12-25	2026-12-25	Port. 3B	2025-12-25	\N	\N	\N	224	51	11
173	2025-12-25	2026-02-12	Port. 3B	2025-12-25	\N	\N	\N	7	51	9
172	2025-12-25	2026-02-09	Port. 3A	2025-12-25	\N	\N	\N	42	50	8
171	2025-12-25	2026-12-25	Port. 3A	2025-12-25	\N	\N	\N	71	50	8
170	2025-12-25	2026-02-01	Port. 3A	2025-12-25	\N	\N	\N	60	50	4
169	2025-12-25	2026-12-25	Port. 3A	2025-12-25	\N	\N	\N	105	50	2
168	2025-12-25	2026-12-25	Port. 3A	2025-12-25	\N	\N	\N	15	50	1
174	2025-12-25	2026-12-25	Port. 3B	2025-12-25	\N	\N	\N	150	51	10
154	2025-12-21	2026-12-21	Port. 1A	2025-12-21	\N	\N	\N	7	46	8
150	2025-12-21	2026-12-21	Port. 1A	2025-12-21	\N	\N	\N	256	46	1
152	2025-12-21	2026-02-12	Port. 1A	2025-12-21	\N	\N	\N	172	46	4
153	2025-12-21	2026-12-21	Port. 1A	2025-12-21	\N	\N	\N	10	46	8
158	2025-12-21	2026-12-21	Port. 1B	2025-12-21	\N	\N	\N	225	47	11
157	2025-12-21	2026-02-01	Port. 1B	2025-12-21	\N	\N	\N	45	47	11
156	2025-12-21	2026-12-21	Port. 1B	2025-12-21	\N	\N	\N	221	47	10
155	2025-12-21	2026-12-21	Port. 1B	2025-12-21	\N	\N	\N	223	47	9
119	2025-06-28	2026-02-10	Port. Rec 02	2025-06-28	\N	\N	\N	245	37	10
120	2025-06-28	2026-06-28	Port. Rec 02	2025-06-28	\N	\N	\N	185	37	11
121	2025-06-28	2026-02-10	Port. Rec 02	2025-06-28	\N	\N	\N	243	37	11
115	2025-06-28	2026-06-28	Port. Fisc 01	2025-06-28	\N	\N	\N	187	36	1
118	2025-06-28	2026-06-28	Port. Rec 02	2025-06-28	\N	\N	\N	180	37	9
116	2025-06-28	2026-06-28	Port. Fisc 01	2025-06-28	\N	\N	\N	241	36	2
102	2025-06-22	2026-06-22	Port. Fisc 01	2025-06-22	\N	\N	\N	177	32	2
101	2025-06-22	2026-06-22	Port. Fisc 01	2025-06-22	\N	\N	\N	166	32	1
103	2025-06-22	2026-06-22	Port. Fisc 01	2025-06-22	\N	\N	\N	253	32	4
104	2025-06-22	2026-06-22	Port. Rec 02	2025-06-22	\N	\N	\N	199	33	9
105	2025-06-22	2026-06-22	Port. Rec 02	2025-06-22	\N	\N	\N	182	33	10
106	2025-06-22	2026-02-11	Port. Rec 02	2025-06-22	\N	\N	\N	245	33	11
93	2025-06-03	2026-06-03	Port. Rec 02	2025-06-03	\N	\N	\N	222	29	11
89	2025-06-03	2026-06-03	Port. Fisc 01	2025-06-03	\N	\N	\N	243	28	4
88	2025-06-03	2026-06-03	Port. Fisc 01	2025-06-03	\N	\N	\N	193	28	2
90	2025-06-03	2026-06-03	Port. Rec 02	2025-06-03	\N	\N	\N	234	29	9
91	2025-06-03	2026-06-03	Port. Rec 02	2025-06-03	\N	\N	\N	240	29	10
92	2025-06-03	2026-06-03	Port. Rec 02	2025-06-03	\N	\N	\N	216	29	11
97	2025-05-08	2026-02-01	Port. Rec 02	2025-05-08	\N	\N	\N	201	31	9
98	2025-05-08	2026-02-08	Port. Rec 02	2025-05-08	\N	\N	\N	245	31	10
100	2025-05-08	2026-05-08	Port. Rec 02	2025-05-08	\N	\N	\N	214	31	11
96	2025-05-08	2026-05-08	Port. Fisc 01	2025-05-08	\N	\N	\N	223	30	4
95	2025-05-08	2026-05-08	Port. Fisc 01	2025-05-08	\N	\N	\N	186	30	2
94	2025-05-08	2026-05-08	Port. Fisc 01	2025-05-08	\N	\N	\N	182	30	1
108	2025-04-20	2026-04-20	Port. Fisc 01	2025-04-20	\N	\N	\N	237	34	1
109	2025-04-20	2026-04-20	Port. Fisc 01	2025-04-20	\N	\N	\N	217	34	2
110	2025-04-20	2026-04-20	Port. Fisc 01	2025-04-20	\N	\N	\N	178	34	4
112	2025-04-20	2026-04-20	Port. Rec 02	2025-04-20	\N	\N	\N	206	35	10
113	2025-04-20	2026-04-20	Port. Rec 02	2025-04-20	\N	\N	\N	235	35	11
114	2025-04-20	2026-02-05	Port. Rec 02	2025-04-20	\N	\N	\N	219	35	11
132	2025-03-25	2026-02-13	Port. Rec 02	2025-03-25	\N	\N	\N	176	41	9
133	2025-03-25	2026-03-25	Port. Rec 02	2025-03-25	\N	\N	\N	202	41	10
134	2025-03-25	2026-02-03	Port. Rec 02	2025-03-25	\N	\N	\N	216	41	11
135	2025-03-25	2026-02-11	Port. Rec 02	2025-03-25	\N	\N	\N	166	41	11
130	2025-03-25	2026-03-25	Port. Fisc 01	2025-03-25	\N	\N	\N	227	40	2
131	2025-03-25	2026-02-08	Port. Fisc 01	2025-03-25	\N	\N	\N	238	40	4
128	2024-03-27	2025-03-27	Port. Rec 02	2024-03-27	\N	\N	\N	179	39	11
127	2024-03-27	2025-03-27	Port. Rec 02	2024-03-27	\N	\N	\N	176	39	11
126	2024-03-27	2025-03-27	Port. Rec 02	2024-03-27	\N	\N	\N	223	39	10
125	2024-03-27	2025-03-27	Port. Rec 02	2024-03-27	\N	\N	\N	165	39	9
122	2024-03-27	2025-03-27	Port. Fisc 01	2024-03-27	\N	\N	\N	199	38	1
123	2024-03-27	2025-03-27	Port. Fisc 01	2024-03-27	\N	\N	\N	178	38	2
145	2024-03-19	2025-03-19	Port. Fisc 01	2024-03-19	\N	\N	\N	247	44	4
147	2024-03-19	2025-03-19	Port. Rec 02	2024-03-19	\N	\N	\N	190	45	10
148	2024-03-19	2025-03-19	Port. Rec 02	2024-03-19	\N	\N	\N	197	45	11
149	2024-03-19	2025-03-19	Port. Rec 02	2024-03-19	\N	\N	\N	198	45	11
143	2024-03-19	2025-03-19	Port. Fisc 01	2024-03-19	\N	\N	\N	189	44	1
144	2024-03-19	2025-03-19	Port. Fisc 01	2024-03-19	\N	\N	\N	171	44	2
146	2024-03-19	2025-03-19	Port. Rec 02	2024-03-19	\N	\N	\N	234	45	9
140	2024-03-09	2025-03-09	Port. Rec 02	2024-03-09	\N	\N	\N	226	43	10
141	2024-03-09	2025-03-09	Port. Rec 02	2024-03-09	\N	\N	\N	246	43	11
142	2024-03-09	2025-03-09	Port. Rec 02	2024-03-09	\N	\N	\N	192	43	11
136	2024-03-09	2025-03-09	Port. Fisc 01	2024-03-09	\N	\N	\N	211	42	1
137	2024-03-09	2025-03-09	Port. Fisc 01	2024-03-09	\N	\N	\N	181	42	2
138	2024-03-09	2025-03-09	Port. Fisc 01	2024-03-09	\N	\N	\N	160	42	4
38	2026-05-22	2026-02-12	Port. Fisc 01	2026-05-22	\N	\N	\N	230	14	1
41	2026-05-22	2027-01-30	Port. Rec 02	2026-05-22	\N	\N	\N	173	15	9
66	2026-05-10	2027-01-30	Port. Fisc 01	2026-05-10	\N	\N	\N	217	22	1
160	2026-01-19	2027-01-19	Port. 2A	2026-01-19	\N	\N	\N	72	48	2
182	2026-01-16	2027-01-16	Port. 4B	2026-01-16	\N	\N	\N	187	53	9
177	2026-01-16	2026-02-12	Port. 4A	2026-01-16	\N	\N	\N	33	52	1
178	2026-01-16	2027-01-16	Port. 4A	2026-01-16	\N	\N	\N	13	52	2
179	2026-01-16	2027-01-16	Port. 4A	2026-01-16	\N	\N	\N	161	52	4
180	2026-01-16	2027-01-16	Port. 4A	2026-01-16	\N	\N	\N	48	52	8
185	2026-01-16	2026-02-08	Port. 4B	2026-01-16	\N	\N	\N	254	53	11
181	2026-01-16	2026-02-05	Port. 4A	2026-01-16	\N	\N	\N	206	52	8
184	2026-01-16	2027-01-16	Port. 4B	2026-01-16	\N	\N	\N	49	53	11
183	2026-01-16	2027-01-16	Port. 4B	2026-01-16	\N	\N	\N	130	53	10
176	2025-12-25	2026-12-25	Port. 3B	2025-12-25	\N	\N	\N	63	51	11
151	2025-12-21	2026-12-21	Port. 1A	2025-12-21	\N	\N	\N	101	46	2
186	2025-12-14	2026-02-01	Port. 5A	2025-12-14	\N	\N	\N	96	54	1
194	2025-12-14	2026-12-14	Port. 5B	2025-12-14	\N	\N	\N	192	55	11
193	2025-12-14	2026-02-11	Port. 5B	2025-12-14	\N	\N	\N	146	55	11
192	2025-12-14	2026-12-14	Port. 5B	2025-12-14	\N	\N	\N	95	55	10
191	2025-12-14	2026-12-14	Port. 5B	2025-12-14	\N	\N	\N	145	55	9
190	2025-12-14	2026-12-14	Port. 5A	2025-12-14	\N	\N	\N	50	54	8
189	2025-12-14	2026-12-14	Port. 5A	2025-12-14	\N	\N	\N	148	54	8
188	2025-12-14	2026-12-14	Port. 5A	2025-12-14	\N	\N	\N	174	54	4
187	2025-12-14	2026-02-04	Port. 5A	2025-12-14	\N	\N	\N	131	54	2
117	2025-06-28	2026-06-28	Port. Fisc 01	2025-06-28	\N	\N	\N	184	36	4
107	2025-06-22	2026-06-22	Port. Rec 02	2025-06-22	\N	\N	\N	243	33	11
17	2025-06-10	2026-06-10	Port. Fisc 01	2025-06-10	\N	\N	\N	198	8	1
99	2025-05-08	2026-05-08	Port. Rec 02	2025-05-08	\N	\N	\N	251	31	11
111	2025-04-20	2026-04-20	Port. Rec 02	2025-04-20	\N	\N	\N	161	35	9
129	2025-03-25	2026-03-25	Port. Fisc 01	2025-03-25	\N	\N	\N	163	40	1
49	2025-03-08	2026-02-04	Port. Rec 02	2025-03-08	\N	\N	\N	225	17	10
64	2024-06-24	2025-06-24	Port. Rec 02	2024-06-24	\N	\N	\N	252	21	11
56	2024-05-24	2025-05-24	Port. Rec 02	2024-05-24	\N	\N	\N	223	19	10
124	2024-03-27	2025-03-27	Port. Fisc 01	2024-03-27	\N	\N	\N	235	38	4
139	2024-03-09	2025-03-09	Port. Rec 02	2024-03-09	\N	\N	\N	199	43	9
33	2024-02-24	2025-02-23	Port. Fisc 01	2024-02-24	\N	\N	\N	258	12	4
27	2024-02-10	2025-02-09	Port. Rec 02	2024-02-10	\N	\N	\N	220	11	9
10	2024-02-08	2025-02-07	Port. Fisc 01	2024-02-08	\N	\N	\N	218	6	1
195	2025-12-05	2026-12-05	Port. 70002026	2025-12-05	\N	\N	\N	261	56	1
196	2025-12-05	2026-12-05	Port. 70002026	2025-12-05	\N	\N	\N	260	56	2
197	2025-12-05	2026-12-05	Port. 70002026	2025-12-05	\N	\N	\N	262	56	4
198	2025-12-05	2026-12-05	Port. 70002026	2025-12-05	\N	\N	\N	270	56	8
199	2025-12-05	2026-12-05	Port. 70002026	2025-12-05	\N	\N	\N	271	56	8
200	2025-12-24	2026-02-07	Port. 70012026	2025-12-24	\N	\N	\N	279	57	1
201	2025-12-24	2026-02-17	Port. 70012026	2025-12-24	\N	\N	\N	260	57	2
202	2025-12-24	2026-12-24	Port. 70012026	2025-12-24	\N	\N	\N	279	57	4
203	2025-12-24	2026-12-24	Port. 70012026	2025-12-24	\N	\N	\N	275	57	8
204	2026-01-08	2027-01-08	Port. 70022026	2026-01-08	\N	\N	\N	261	58	1
205	2026-01-08	2027-01-08	Port. 70022026	2026-01-08	\N	\N	\N	260	58	2
206	2026-01-08	2027-01-08	Port. 70022026	2026-01-08	\N	\N	\N	262	58	4
207	2026-01-08	2027-01-08	Port. 70022026	2026-01-08	\N	\N	\N	277	58	8
208	2026-01-24	2027-01-24	Port. 70032026	2026-01-24	\N	\N	\N	261	59	1
209	2026-01-24	2027-01-24	Port. 70032026	2026-01-24	\N	\N	\N	260	59	2
210	2026-01-24	2027-01-24	Port. 70032026	2026-01-24	\N	\N	\N	262	59	4
211	2026-01-24	2027-01-24	Port. 70032026	2026-01-24	\N	\N	\N	282	59	8
212	2025-12-15	2026-12-15	Port. 70042026	2025-12-15	\N	\N	\N	272	60	1
213	2025-12-15	2026-12-15	Port. 70042026	2025-12-15	\N	\N	\N	260	60	2
214	2025-12-15	2026-12-15	Port. 70042026	2025-12-15	\N	\N	\N	265	60	4
215	2025-12-15	2026-12-15	Port. 70042026	2025-12-15	\N	\N	\N	282	60	8
216	2025-11-28	2026-11-28	Port. 70052026	2025-11-28	\N	\N	\N	281	61	1
217	2025-11-28	2026-02-10	Port. 70052026	2025-11-28	\N	\N	\N	275	61	2
218	2025-11-28	2026-02-06	Port. 70052026	2025-11-28	\N	\N	\N	266	61	4
219	2025-11-28	2026-11-28	Port. 70052026	2025-11-28	\N	\N	\N	270	61	8
220	2025-10-27	2026-10-27	Port. 70062026	2025-10-27	\N	\N	\N	274	62	1
221	2025-10-27	2026-10-27	Port. 70062026	2025-10-27	\N	\N	\N	260	62	2
222	2025-10-27	2026-10-27	Port. 70062026	2025-10-27	\N	\N	\N	275	62	4
223	2025-10-27	2026-10-27	Port. 70062026	2025-10-27	\N	\N	\N	277	62	8
224	2025-10-23	2026-02-19	Port. 70072026	2025-10-23	\N	\N	\N	261	63	1
225	2025-10-23	2026-10-23	Port. 70072026	2025-10-23	\N	\N	\N	260	63	2
226	2025-10-23	2026-10-23	Port. 70072026	2025-10-23	\N	\N	\N	266	63	4
227	2025-10-23	2026-10-23	Port. 70072026	2025-10-23	\N	\N	\N	272	63	8
228	2025-10-23	2026-10-23	Port. 70072026	2025-10-23	\N	\N	\N	277	63	8
229	2025-12-28	2026-12-28	Port. 70082026	2025-12-28	\N	\N	\N	261	64	1
230	2025-12-28	2026-12-28	Port. 70082026	2025-12-28	\N	\N	\N	270	64	2
231	2025-12-28	2026-12-28	Port. 70082026	2025-12-28	\N	\N	\N	262	64	4
232	2025-12-28	2026-12-28	Port. 70082026	2025-12-28	\N	\N	\N	272	64	8
233	2025-12-28	2026-02-12	Port. 70082026	2025-12-28	\N	\N	\N	276	64	8
234	2025-11-14	2026-02-04	Port. 70092026	2025-11-14	\N	\N	\N	261	65	1
235	2025-11-14	2026-11-14	Port. 70092026	2025-11-14	\N	\N	\N	260	65	2
236	2025-11-14	2026-11-14	Port. 70092026	2025-11-14	\N	\N	\N	270	65	4
237	2025-11-14	2026-11-14	Port. 70092026	2025-11-14	\N	\N	\N	279	65	8
238	2025-11-14	2026-02-10	Port. 70092026	2025-11-14	\N	\N	\N	282	65	8
239	2025-11-15	2026-11-15	Port. 70102026	2025-11-15	\N	\N	\N	261	66	1
240	2025-11-15	2026-11-15	Port. 70102026	2025-11-15	\N	\N	\N	260	66	2
241	2025-11-15	2026-11-15	Port. 70102026	2025-11-15	\N	\N	\N	262	66	4
242	2025-11-15	2026-11-15	Port. 70102026	2025-11-15	\N	\N	\N	278	66	8
243	2025-11-27	2026-11-27	Port. 70112026	2025-11-27	\N	\N	\N	261	67	1
244	2025-11-27	2026-11-27	Port. 70112026	2025-11-27	\N	\N	\N	260	67	2
245	2025-11-27	2026-11-27	Port. 70112026	2025-11-27	\N	\N	\N	271	67	4
246	2025-11-27	2026-11-27	Port. 70112026	2025-11-27	\N	\N	\N	271	67	8
247	2025-11-27	2026-02-04	Port. 70112026	2025-11-27	\N	\N	\N	263	67	8
248	2026-01-11	2027-01-11	Port. 70122026	2026-01-11	\N	\N	\N	275	68	1
249	2026-01-11	2027-01-11	Port. 70122026	2026-01-11	\N	\N	\N	260	68	2
250	2026-01-11	2027-01-11	Port. 70122026	2026-01-11	\N	\N	\N	282	68	4
251	2026-01-11	2027-01-11	Port. 70122026	2026-01-11	\N	\N	\N	268	68	8
252	2025-12-05	2026-12-05	Port. 70132026	2025-12-05	\N	\N	\N	261	69	1
253	2025-12-05	2026-12-05	Port. 70132026	2025-12-05	\N	\N	\N	276	69	2
254	2025-12-05	2026-12-05	Port. 70132026	2025-12-05	\N	\N	\N	274	69	4
255	2025-12-05	2026-12-05	Port. 70132026	2025-12-05	\N	\N	\N	273	69	8
256	2025-12-05	2026-12-05	Port. 70132026	2025-12-05	\N	\N	\N	278	69	8
257	2026-01-19	2027-01-19	Port. 70142026	2026-01-19	\N	\N	\N	265	70	1
258	2026-01-19	2027-01-19	Port. 70142026	2026-01-19	\N	\N	\N	260	70	2
259	2026-01-19	2027-01-19	Port. 70142026	2026-01-19	\N	\N	\N	262	70	4
260	2026-01-19	2027-01-19	Port. 70142026	2026-01-19	\N	\N	\N	269	70	8
261	2025-12-18	2026-12-18	Port. 70152026	2025-12-18	\N	\N	\N	272	71	1
262	2025-12-18	2026-12-18	Port. 70152026	2025-12-18	\N	\N	\N	263	71	2
263	2025-12-18	2026-12-18	Port. 70152026	2025-12-18	\N	\N	\N	273	71	4
264	2025-12-18	2026-12-18	Port. 70152026	2025-12-18	\N	\N	\N	273	71	8
265	2025-12-18	2026-12-18	Port. 70152026	2025-12-18	\N	\N	\N	272	71	8
266	2026-01-05	2027-01-05	Port. 70162026	2026-01-05	\N	\N	\N	261	72	1
267	2026-01-05	2027-01-05	Port. 70162026	2026-01-05	\N	\N	\N	260	72	2
268	2026-01-05	2027-01-05	Port. 70162026	2026-01-05	\N	\N	\N	282	72	4
269	2026-01-05	2027-01-05	Port. 70162026	2026-01-05	\N	\N	\N	278	72	8
270	2026-01-05	2027-01-05	Port. 70162026	2026-01-05	\N	\N	\N	264	72	8
271	2026-01-08	2027-01-08	Port. 70172026	2026-01-08	\N	\N	\N	280	73	1
272	2026-01-08	2027-01-08	Port. 70172026	2026-01-08	\N	\N	\N	260	73	2
273	2026-01-08	2027-01-08	Port. 70172026	2026-01-08	\N	\N	\N	262	73	4
274	2026-01-08	2027-01-08	Port. 70172026	2026-01-08	\N	\N	\N	273	73	8
275	2026-01-08	2027-01-08	Port. 70172026	2026-01-08	\N	\N	\N	282	73	8
276	2025-11-02	2026-11-02	Port. 70182026	2025-11-02	\N	\N	\N	261	74	1
277	2025-11-02	2026-11-02	Port. 70182026	2025-11-02	\N	\N	\N	260	74	2
278	2025-11-02	2026-11-02	Port. 70182026	2025-11-02	\N	\N	\N	262	74	4
279	2025-11-02	2026-11-02	Port. 70182026	2025-11-02	\N	\N	\N	265	74	8
280	2025-11-02	2026-11-02	Port. 70182026	2025-11-02	\N	\N	\N	267	74	8
281	2025-12-24	2026-12-24	Port. 70192026	2025-12-24	\N	\N	\N	261	75	1
282	2025-12-24	2026-12-24	Port. 70192026	2025-12-24	\N	\N	\N	260	75	2
283	2025-12-24	2026-12-24	Port. 70192026	2025-12-24	\N	\N	\N	262	75	4
284	2025-12-24	2026-12-24	Port. 70192026	2025-12-24	\N	\N	\N	282	75	8
285	2025-12-03	2026-12-03	Port. 70202026	2025-12-03	\N	\N	\N	276	76	1
286	2025-12-03	2026-02-14	Port. 70202026	2025-12-03	\N	\N	\N	260	76	2
287	2025-12-03	2026-12-03	Port. 70202026	2025-12-03	\N	\N	\N	265	76	4
288	2025-12-03	2026-12-03	Port. 70202026	2025-12-03	\N	\N	\N	268	76	8
289	2025-10-23	2026-10-23	Port. 70212026	2025-10-23	\N	\N	\N	276	77	1
290	2025-10-23	2026-02-04	Port. 70212026	2025-10-23	\N	\N	\N	260	77	2
291	2025-10-23	2026-10-23	Port. 70212026	2025-10-23	\N	\N	\N	262	77	4
292	2025-10-23	2026-10-23	Port. 70212026	2025-10-23	\N	\N	\N	265	77	8
293	2025-10-23	2026-10-23	Port. 70212026	2025-10-23	\N	\N	\N	266	77	8
294	2025-12-26	2026-12-26	Port. 70222026	2025-12-26	\N	\N	\N	276	78	1
295	2025-12-26	2026-12-26	Port. 70222026	2025-12-26	\N	\N	\N	260	78	2
296	2025-12-26	2026-12-26	Port. 70222026	2025-12-26	\N	\N	\N	262	78	4
297	2025-12-26	2026-12-26	Port. 70222026	2025-12-26	\N	\N	\N	264	78	8
298	2025-12-26	2026-12-26	Port. 70222026	2025-12-26	\N	\N	\N	265	78	8
299	2025-11-05	2026-11-05	Port. 70232026	2025-11-05	\N	\N	\N	269	79	1
300	2025-11-05	2026-11-05	Port. 70232026	2025-11-05	\N	\N	\N	260	79	2
301	2025-11-05	2026-11-05	Port. 70232026	2025-11-05	\N	\N	\N	262	79	4
302	2025-11-05	2026-11-05	Port. 70232026	2025-11-05	\N	\N	\N	275	79	8
303	2025-11-08	2026-11-08	Port. 70242026	2025-11-08	\N	\N	\N	261	80	1
304	2025-11-08	2026-11-08	Port. 70242026	2025-11-08	\N	\N	\N	276	80	2
305	2025-11-08	2026-11-08	Port. 70242026	2025-11-08	\N	\N	\N	262	80	4
306	2025-11-08	2026-11-08	Port. 70242026	2025-11-08	\N	\N	\N	264	80	8
307	2025-11-08	2026-11-08	Port. 70242026	2025-11-08	\N	\N	\N	271	80	8
308	2025-11-19	2026-11-19	Port. 70252026	2025-11-19	\N	\N	\N	261	81	1
309	2025-11-19	2026-11-19	Port. 70252026	2025-11-19	\N	\N	\N	278	81	2
310	2025-11-19	2026-11-19	Port. 70252026	2025-11-19	\N	\N	\N	262	81	4
311	2025-11-19	2026-11-19	Port. 70252026	2025-11-19	\N	\N	\N	267	81	8
312	2025-11-19	2026-11-19	Port. 70252026	2025-11-19	\N	\N	\N	271	81	8
313	2025-12-25	2026-12-25	Port. 70262026	2025-12-25	\N	\N	\N	265	82	1
314	2025-12-25	2026-12-25	Port. 70262026	2025-12-25	\N	\N	\N	260	82	2
315	2025-12-25	2026-02-10	Port. 70262026	2025-12-25	\N	\N	\N	262	82	4
316	2025-12-25	2026-12-25	Port. 70262026	2025-12-25	\N	\N	\N	268	82	8
317	2025-12-25	2026-12-25	Port. 70262026	2025-12-25	\N	\N	\N	281	82	8
318	2026-01-16	2027-01-16	Port. 70272026	2026-01-16	\N	\N	\N	261	83	1
319	2026-01-16	2026-02-16	Port. 70272026	2026-01-16	\N	\N	\N	264	83	2
320	2026-01-16	2027-01-16	Port. 70272026	2026-01-16	\N	\N	\N	262	83	4
321	2026-01-16	2027-01-16	Port. 70272026	2026-01-16	\N	\N	\N	276	83	8
322	2026-01-12	2027-01-12	Port. 70282026	2026-01-12	\N	\N	\N	261	84	1
323	2026-01-12	2027-01-12	Port. 70282026	2026-01-12	\N	\N	\N	260	84	2
324	2026-01-12	2027-01-12	Port. 70282026	2026-01-12	\N	\N	\N	280	84	4
325	2026-01-12	2027-01-12	Port. 70282026	2026-01-12	\N	\N	\N	274	84	8
326	2026-01-12	2027-01-12	Port. 70292026	2026-01-12	\N	\N	\N	261	85	1
327	2026-01-12	2027-01-12	Port. 70292026	2026-01-12	\N	\N	\N	260	85	2
328	2026-01-12	2027-01-12	Port. 70292026	2026-01-12	\N	\N	\N	262	85	4
329	2026-01-12	2027-01-12	Port. 70292026	2026-01-12	\N	\N	\N	276	85	8
330	2026-01-12	2026-02-10	Port. 70292026	2026-01-12	\N	\N	\N	280	85	8
331	2023-01-01	2023-12-31	Port. 2023	2023-01-01	\N	\N	\N	283	86	2
332	2024-01-01	2024-12-31	Port. 2024	2024-01-01	\N	\N	\N	283	86	2
333	2025-01-01	2025-12-31	Port. 2025	2025-01-01	\N	\N	\N	283	86	2
334	2026-01-01	\N	Port. 2026	2026-01-01	\N	\N	\N	283	86	2
335	2025-07-19	2026-02-09	Port. 245	2025-07-19	\N	\N	\N	309	87	1
336	2025-07-19	2029-07-18	Port. 126	2025-07-19	\N	\N	\N	362	87	2
337	2025-07-19	2026-02-03	Port. 404	2025-07-19	\N	\N	\N	405	87	4
338	2025-07-19	\N	Port. 232	2025-07-19	\N	\N	\N	301	87	8
339	2025-07-19	2029-07-18	Port. 970	2025-07-19	\N	\N	\N	333	87	8
340	2025-07-19	\N	Port. 527	2025-07-19	\N	\N	\N	397	88	9
341	2025-07-19	\N	Port. 422	2025-07-19	\N	\N	\N	402	88	10
342	2025-07-19	\N	Port. 814	2025-07-19	\N	\N	\N	315	88	11
343	2024-02-24	2025-02-23	Port. 881	2024-02-24	\N	\N	\N	433	89	1
344	2024-02-24	2025-02-23	Port. 978	2024-02-24	\N	\N	\N	387	89	2
345	2024-02-24	2025-02-23	Port. 478	2024-02-24	\N	\N	\N	348	89	4
346	2024-11-08	2025-11-08	Port. 750	2024-11-08	\N	\N	\N	322	90	1
347	2024-11-08	2025-11-08	Port. 676	2024-11-08	\N	\N	\N	345	90	2
348	2024-11-08	2025-11-08	Port. 348	2024-11-08	\N	\N	\N	418	90	4
349	2024-11-08	2025-11-08	Port. 330	2024-11-08	\N	\N	\N	385	90	8
350	2024-11-08	2025-11-08	Port. 644	2024-11-08	\N	\N	\N	299	90	8
351	2024-11-08	2025-11-08	Port. 548	2024-11-08	\N	\N	\N	330	91	9
352	2024-11-08	2025-11-08	Port. 653	2024-11-08	\N	\N	\N	409	91	10
353	2024-11-08	2025-11-08	Port. 438	2024-11-08	\N	\N	\N	351	91	11
354	2024-04-22	2025-04-22	Port. 228	2024-04-22	\N	\N	\N	310	92	1
355	2024-04-22	2025-04-22	Port. 448	2024-04-22	\N	\N	\N	356	92	2
356	2024-04-22	2025-04-22	Port. 552	2024-04-22	\N	\N	\N	303	92	4
357	2024-04-22	2025-04-22	Port. 870	2024-04-22	\N	\N	\N	426	92	8
358	2025-06-24	\N	Port. 981	2025-06-24	\N	\N	\N	309	93	1
359	2025-06-24	2029-06-23	Port. 344	2025-06-24	\N	\N	\N	348	93	2
360	2025-06-24	\N	Port. 891	2025-06-24	\N	\N	\N	331	93	4
361	2024-12-24	2025-12-24	Port. 443	2024-12-24	\N	\N	\N	414	94	1
362	2024-12-24	2025-12-24	Port. 454	2024-12-24	\N	\N	\N	313	94	2
363	2024-12-24	2025-12-24	Port. 132	2024-12-24	\N	\N	\N	426	94	4
364	2024-12-24	2025-12-24	Port. 196	2024-12-24	\N	\N	\N	391	95	9
365	2024-12-24	2025-12-24	Port. 237	2024-12-24	\N	\N	\N	400	95	10
366	2024-12-24	2025-12-24	Port. 503	2024-12-24	\N	\N	\N	321	95	11
367	2025-11-29	\N	Port. 981	2025-11-29	\N	\N	\N	425	96	1
368	2025-11-29	2026-02-06	Port. 717	2025-11-29	\N	\N	\N	378	96	2
369	2025-11-29	2029-11-28	Port. 410	2025-11-29	\N	\N	\N	330	96	4
370	2025-11-29	2026-02-07	Port. 862	2025-11-29	\N	\N	\N	427	96	8
371	2025-11-29	\N	Port. 956	2025-11-29	\N	\N	\N	285	97	9
372	2025-11-29	\N	Port. 413	2025-11-29	\N	\N	\N	431	97	10
373	2025-11-29	\N	Port. 842	2025-11-29	\N	\N	\N	342	97	11
374	2025-11-27	2028-11-26	Port. 519	2025-11-27	\N	\N	\N	399	98	1
375	2025-11-27	2028-11-26	Port. 917	2025-11-27	\N	\N	\N	382	98	2
376	2025-11-27	2028-11-26	Port. 184	2025-11-27	\N	\N	\N	286	98	4
377	2025-11-27	\N	Port. 716	2025-11-27	\N	\N	\N	360	98	8
378	2025-11-27	\N	Port. 310	2025-11-27	\N	\N	\N	343	98	8
379	2025-09-06	\N	Port. 532	2025-09-06	\N	\N	\N	366	99	1
380	2025-09-06	\N	Port. 867	2025-09-06	\N	\N	\N	333	99	2
381	2025-09-06	2029-09-05	Port. 587	2025-09-06	\N	\N	\N	296	99	4
382	2025-09-06	\N	Port. 728	2025-09-06	\N	\N	\N	354	99	8
383	2025-09-06	2029-09-05	Port. 469	2025-09-06	\N	\N	\N	294	99	8
384	2025-09-06	\N	Port. 630	2025-09-06	\N	\N	\N	390	100	9
385	2025-09-06	\N	Port. 597	2025-09-06	\N	\N	\N	432	100	10
386	2025-09-06	\N	Port. 993	2025-09-06	\N	\N	\N	334	100	11
387	2025-09-11	\N	Port. 607	2025-09-11	\N	\N	\N	350	101	1
388	2025-09-11	2027-09-11	Port. 474	2025-09-11	\N	\N	\N	298	101	2
389	2025-09-11	2027-09-11	Port. 797	2025-09-11	\N	\N	\N	348	101	4
390	2025-09-11	2026-02-19	Port. 210	2025-09-11	\N	\N	\N	335	101	8
391	2025-09-11	\N	Port. 817	2025-09-11	\N	\N	\N	398	101	8
392	2025-05-14	\N	Port. 738	2025-05-14	\N	\N	\N	428	102	1
393	2025-05-14	2026-05-14	Port. 846	2025-05-14	\N	\N	\N	335	102	2
394	2025-05-14	2026-05-14	Port. 252	2025-05-14	\N	\N	\N	334	102	4
395	2025-05-14	\N	Port. 297	2025-05-14	\N	\N	\N	311	102	8
396	2025-05-14	\N	Port. 776	2025-05-14	\N	\N	\N	291	102	8
397	2025-05-14	\N	Port. 934	2025-05-14	\N	\N	\N	361	103	9
398	2025-05-14	\N	Port. 664	2025-05-14	\N	\N	\N	355	103	10
399	2025-05-14	\N	Port. 993	2025-05-14	\N	\N	\N	378	103	11
400	2025-07-23	\N	Port. 422	2025-07-23	\N	\N	\N	366	104	1
401	2025-07-23	\N	Port. 889	2025-07-23	\N	\N	\N	361	104	2
402	2025-07-23	\N	Port. 689	2025-07-23	\N	\N	\N	386	104	4
403	2025-07-23	\N	Port. 701	2025-07-23	\N	\N	\N	362	104	8
404	2025-10-07	\N	Port. 687	2025-10-07	\N	\N	\N	378	105	1
405	2025-10-07	2029-10-06	Port. 112	2025-10-07	\N	\N	\N	303	105	2
406	2025-10-07	2029-10-06	Port. 698	2025-10-07	\N	\N	\N	346	105	4
407	2025-10-07	\N	Port. 402	2025-10-07	\N	\N	\N	364	106	9
408	2025-10-07	\N	Port. 520	2025-10-07	\N	\N	\N	400	106	10
409	2025-10-07	\N	Port. 932	2025-10-07	\N	\N	\N	418	106	11
410	2025-10-06	\N	Port. 940	2025-10-06	\N	\N	\N	416	107	1
411	2025-10-06	2028-10-05	Port. 387	2025-10-06	\N	\N	\N	386	107	2
412	2025-10-06	\N	Port. 749	2025-10-06	\N	\N	\N	322	107	4
413	2025-10-06	\N	Port. 520	2025-10-06	\N	\N	\N	361	107	8
414	2025-10-06	2026-02-13	Port. 551	2025-10-06	\N	\N	\N	377	107	8
415	2025-05-09	2026-05-09	Port. 577	2025-05-09	\N	\N	\N	426	108	1
416	2025-05-09	\N	Port. 542	2025-05-09	\N	\N	\N	367	108	2
417	2025-05-09	2026-05-09	Port. 121	2025-05-09	\N	\N	\N	319	108	4
418	2025-05-09	2026-02-04	Port. 248	2025-05-09	\N	\N	\N	337	108	8
419	2025-05-09	2026-05-09	Port. 842	2025-05-09	\N	\N	\N	421	108	8
420	2025-05-09	\N	Port. 164	2025-05-09	\N	\N	\N	409	109	9
421	2025-05-09	\N	Port. 887	2025-05-09	\N	\N	\N	388	109	10
422	2025-05-09	\N	Port. 663	2025-05-09	\N	\N	\N	316	109	11
423	2024-11-18	2025-11-18	Port. 582	2024-11-18	\N	\N	\N	298	110	1
424	2024-11-18	2025-11-18	Port. 556	2024-11-18	\N	\N	\N	408	110	2
425	2024-11-18	2025-11-18	Port. 672	2024-11-18	\N	\N	\N	428	110	4
426	2024-11-18	2025-11-18	Port. 486	2024-11-18	\N	\N	\N	387	110	8
427	2024-11-18	2025-11-18	Port. 525	2024-11-18	\N	\N	\N	409	110	8
428	2024-11-18	2025-11-18	Port. 613	2024-11-18	\N	\N	\N	400	111	9
429	2024-11-18	2025-11-18	Port. 312	2024-11-18	\N	\N	\N	382	111	10
430	2024-11-18	2025-11-18	Port. 682	2024-11-18	\N	\N	\N	394	111	11
431	2025-05-02	\N	Port. 549	2025-05-02	\N	\N	\N	412	112	1
432	2025-05-02	2029-05-01	Port. 518	2025-05-02	\N	\N	\N	371	112	2
433	2025-05-02	2029-05-01	Port. 277	2025-05-02	\N	\N	\N	339	112	4
434	2025-05-02	\N	Port. 144	2025-05-02	\N	\N	\N	404	112	8
435	2025-05-02	\N	Port. 894	2025-05-02	\N	\N	\N	400	113	9
436	2025-05-02	\N	Port. 174	2025-05-02	\N	\N	\N	335	113	10
437	2025-05-02	\N	Port. 322	2025-05-02	\N	\N	\N	420	113	11
438	2025-04-08	2026-04-08	Port. 188	2025-04-08	\N	\N	\N	305	114	1
439	2025-04-08	\N	Port. 703	2025-04-08	\N	\N	\N	405	114	2
440	2025-04-08	2026-04-08	Port. 292	2025-04-08	\N	\N	\N	355	114	4
441	2025-04-08	\N	Port. 594	2025-04-08	\N	\N	\N	324	114	8
442	2025-04-08	\N	Port. 822	2025-04-08	\N	\N	\N	391	115	9
443	2025-04-08	\N	Port. 779	2025-04-08	\N	\N	\N	379	115	10
444	2025-04-08	\N	Port. 151	2025-04-08	\N	\N	\N	286	115	11
445	2025-11-24	2029-11-23	Port. 531	2025-11-24	\N	\N	\N	419	116	1
446	2025-11-24	2026-02-10	Port. 691	2025-11-24	\N	\N	\N	426	116	2
447	2025-11-24	\N	Port. 765	2025-11-24	\N	\N	\N	350	116	4
448	2025-11-24	\N	Port. 582	2025-11-24	\N	\N	\N	316	116	8
449	2025-11-24	\N	Port. 930	2025-11-24	\N	\N	\N	345	117	9
450	2025-11-24	\N	Port. 784	2025-11-24	\N	\N	\N	329	117	10
451	2025-11-24	\N	Port. 647	2025-11-24	\N	\N	\N	328	117	11
452	2025-05-16	\N	Port. 757	2025-05-16	\N	\N	\N	383	118	1
453	2025-05-16	\N	Port. 867	2025-05-16	\N	\N	\N	350	118	2
454	2025-05-16	2026-05-16	Port. 413	2025-05-16	\N	\N	\N	305	118	4
455	2025-05-16	\N	Port. 546	2025-05-16	\N	\N	\N	292	118	8
456	2026-03-12	2027-03-12	Port. 509	2026-03-12	\N	\N	\N	314	119	1
457	2026-03-12	\N	Port. 808	2026-03-12	\N	\N	\N	394	119	2
458	2026-03-12	2027-03-12	Port. 706	2026-03-12	\N	\N	\N	372	119	4
459	2026-03-12	\N	Port. 492	2026-03-12	\N	\N	\N	398	119	8
460	2026-01-08	\N	Port. 777	2026-01-08	\N	\N	\N	395	120	1
461	2026-01-08	\N	Port. 189	2026-01-08	\N	\N	\N	365	120	2
462	2026-01-08	\N	Port. 801	2026-01-08	\N	\N	\N	396	120	4
463	2026-01-08	\N	Port. 466	2026-01-08	\N	\N	\N	303	121	9
464	2026-01-08	\N	Port. 616	2026-01-08	\N	\N	\N	327	121	10
465	2026-01-08	\N	Port. 924	2026-01-08	\N	\N	\N	297	121	11
466	2026-03-11	\N	Port. 632	2026-03-11	\N	\N	\N	426	122	1
467	2026-03-11	\N	Port. 596	2026-03-11	\N	\N	\N	309	122	2
468	2026-03-11	\N	Port. 130	2026-03-11	\N	\N	\N	404	122	4
469	2025-04-08	\N	Port. 524	2025-04-08	\N	\N	\N	395	123	1
470	2025-04-08	2026-02-11	Port. 110	2025-04-08	\N	\N	\N	433	123	2
471	2025-04-08	\N	Port. 805	2025-04-08	\N	\N	\N	391	123	4
472	2025-05-18	2026-05-18	Port. 291	2025-05-18	\N	\N	\N	322	124	1
473	2025-05-18	2026-02-17	Port. 992	2025-05-18	\N	\N	\N	382	124	2
474	2025-05-18	\N	Port. 456	2025-05-18	\N	\N	\N	375	124	4
475	2025-05-18	\N	Port. 778	2025-05-18	\N	\N	\N	315	124	8
476	2025-05-18	2026-02-10	Port. 849	2025-05-18	\N	\N	\N	300	124	8
477	2025-10-31	\N	Port. 599	2025-10-31	\N	\N	\N	382	125	1
478	2025-10-31	2028-10-30	Port. 618	2025-10-31	\N	\N	\N	351	125	2
479	2025-10-31	\N	Port. 397	2025-10-31	\N	\N	\N	427	125	4
480	2025-07-28	2026-02-16	Port. 755	2025-07-28	\N	\N	\N	290	126	1
481	2025-07-28	2027-07-28	Port. 284	2025-07-28	\N	\N	\N	431	126	2
482	2025-07-28	\N	Port. 227	2025-07-28	\N	\N	\N	374	126	4
483	2025-07-28	\N	Port. 860	2025-07-28	\N	\N	\N	403	126	8
484	2025-07-28	\N	Port. 161	2025-07-28	\N	\N	\N	353	127	9
485	2025-07-28	\N	Port. 587	2025-07-28	\N	\N	\N	335	127	10
486	2025-07-28	\N	Port. 395	2025-07-28	\N	\N	\N	340	127	11
487	2025-11-07	\N	Port. 404	2025-11-07	\N	\N	\N	403	128	1
488	2025-11-07	2026-02-06	Port. 263	2025-11-07	\N	\N	\N	361	128	2
489	2025-11-07	2028-11-06	Port. 175	2025-11-07	\N	\N	\N	342	128	4
490	2025-11-04	\N	Port. 974	2025-11-04	\N	\N	\N	417	129	1
491	2025-11-04	2026-11-04	Port. 492	2025-11-04	\N	\N	\N	423	129	2
492	2025-11-04	2026-11-04	Port. 985	2025-11-04	\N	\N	\N	428	129	4
493	2026-02-10	2026-02-06	Port. 578	2026-02-10	\N	\N	\N	330	130	1
494	2026-02-10	\N	Port. 988	2026-02-10	\N	\N	\N	288	130	2
495	2026-02-10	\N	Port. 852	2026-02-10	\N	\N	\N	375	130	4
496	2026-01-11	\N	Port. 982	2026-01-11	\N	\N	\N	417	131	1
497	2026-01-11	2030-01-10	Port. 465	2026-01-11	\N	\N	\N	425	131	2
498	2026-01-11	2026-02-19	Port. 341	2026-01-11	\N	\N	\N	421	131	4
499	2026-01-11	2030-01-10	Port. 491	2026-01-11	\N	\N	\N	318	131	8
500	2025-05-12	2026-02-16	Port. 951	2025-05-12	\N	\N	\N	413	132	1
501	2025-05-12	2028-05-11	Port. 124	2025-05-12	\N	\N	\N	314	132	2
502	2025-05-12	\N	Port. 630	2025-05-12	\N	\N	\N	295	132	4
503	2025-05-12	\N	Port. 142	2025-05-12	\N	\N	\N	423	132	8
504	2025-05-12	2026-02-08	Port. 752	2025-05-12	\N	\N	\N	377	132	8
505	2024-03-25	2025-03-25	Port. 801	2024-03-25	\N	\N	\N	346	133	1
506	2024-03-25	2025-03-25	Port. 379	2024-03-25	\N	\N	\N	391	133	2
507	2024-03-25	2025-03-25	Port. 101	2024-03-25	\N	\N	\N	410	133	4
508	2024-03-25	2025-03-25	Port. 134	2024-03-25	\N	\N	\N	387	133	8
509	2025-08-08	2026-08-08	Port. 882	2025-08-08	\N	\N	\N	420	134	1
510	2025-08-08	\N	Port. 104	2025-08-08	\N	\N	\N	327	134	2
511	2025-08-08	\N	Port. 915	2025-08-08	\N	\N	\N	284	134	4
512	2025-08-08	\N	Port. 953	2025-08-08	\N	\N	\N	344	134	8
513	2025-08-08	\N	Port. 488	2025-08-08	\N	\N	\N	371	134	8
514	2024-04-28	2025-04-28	Port. 300	2024-04-28	\N	\N	\N	394	135	1
515	2024-04-28	2025-04-28	Port. 639	2024-04-28	\N	\N	\N	416	135	2
516	2024-04-28	2025-04-28	Port. 769	2024-04-28	\N	\N	\N	304	135	4
517	2024-04-28	2025-04-28	Port. 126	2024-04-28	\N	\N	\N	431	136	9
518	2024-04-28	2025-04-28	Port. 283	2024-04-28	\N	\N	\N	312	136	10
519	2024-04-28	2025-04-28	Port. 286	2024-04-28	\N	\N	\N	294	136	11
520	2025-05-29	\N	Port. 821	2025-05-29	\N	\N	\N	296	137	1
521	2025-05-29	2029-05-28	Port. 440	2025-05-29	\N	\N	\N	341	137	2
522	2025-05-29	\N	Port. 911	2025-05-29	\N	\N	\N	336	137	4
523	2025-05-29	\N	Port. 425	2025-05-29	\N	\N	\N	401	137	8
524	2025-04-13	2028-04-12	Port. 620	2025-04-13	\N	\N	\N	396	138	1
525	2025-04-13	\N	Port. 455	2025-04-13	\N	\N	\N	314	138	2
526	2025-04-13	\N	Port. 572	2025-04-13	\N	\N	\N	392	138	4
527	2025-04-13	\N	Port. 401	2025-04-13	\N	\N	\N	291	139	9
528	2025-04-13	\N	Port. 486	2025-04-13	\N	\N	\N	320	139	10
529	2025-04-13	\N	Port. 499	2025-04-13	\N	\N	\N	367	139	11
530	2024-10-20	2025-10-20	Port. 604	2024-10-20	\N	\N	\N	370	140	1
531	2024-10-20	2025-10-20	Port. 635	2024-10-20	\N	\N	\N	379	140	2
532	2024-10-20	2025-10-20	Port. 261	2024-10-20	\N	\N	\N	427	140	4
533	2024-10-20	2025-10-20	Port. 691	2024-10-20	\N	\N	\N	340	140	8
534	2024-10-20	2025-10-20	Port. 528	2024-10-20	\N	\N	\N	381	141	9
535	2024-10-20	2025-10-20	Port. 428	2024-10-20	\N	\N	\N	374	141	10
536	2024-10-20	2025-10-20	Port. 856	2024-10-20	\N	\N	\N	341	141	11
537	2025-06-07	2029-06-06	Port. 157	2025-06-07	\N	\N	\N	312	142	1
538	2025-06-07	2026-02-11	Port. 699	2025-06-07	\N	\N	\N	383	142	2
539	2025-06-07	2029-06-06	Port. 972	2025-06-07	\N	\N	\N	386	142	4
540	2025-06-07	2026-02-01	Port. 932	2025-06-07	\N	\N	\N	314	142	8
541	2025-06-07	\N	Port. 434	2025-06-07	\N	\N	\N	418	142	8
542	2025-08-18	2026-08-18	Port. 972	2025-08-18	\N	\N	\N	370	143	1
543	2025-08-18	2026-08-18	Port. 344	2025-08-18	\N	\N	\N	430	143	2
544	2025-08-18	\N	Port. 217	2025-08-18	\N	\N	\N	379	143	4
545	2024-08-18	2025-08-18	Port. 281	2024-08-18	\N	\N	\N	386	144	1
546	2024-08-18	2025-08-18	Port. 391	2024-08-18	\N	\N	\N	289	144	2
547	2024-08-18	2025-08-18	Port. 807	2024-08-18	\N	\N	\N	309	144	4
548	2024-08-18	2025-08-18	Port. 193	2024-08-18	\N	\N	\N	398	145	9
549	2024-08-18	2025-08-18	Port. 521	2024-08-18	\N	\N	\N	298	145	10
550	2024-08-18	2025-08-18	Port. 350	2024-08-18	\N	\N	\N	381	145	11
551	2025-06-27	2028-06-26	Port. 971	2025-06-27	\N	\N	\N	318	146	1
552	2025-06-27	\N	Port. 947	2025-06-27	\N	\N	\N	355	146	2
553	2025-06-27	2028-06-26	Port. 730	2025-06-27	\N	\N	\N	393	146	4
554	2025-07-19	\N	Port. 381	2025-07-19	\N	\N	\N	287	147	1
555	2025-07-19	2026-07-19	Port. 355	2025-07-19	\N	\N	\N	405	147	2
556	2025-07-19	2026-07-19	Port. 964	2025-07-19	\N	\N	\N	403	147	4
557	2025-07-19	2026-02-15	Port. 719	2025-07-19	\N	\N	\N	315	147	8
558	2025-07-19	\N	Port. 221	2025-07-19	\N	\N	\N	345	147	8
559	2025-07-19	\N	Port. 805	2025-07-19	\N	\N	\N	390	148	9
560	2025-07-19	\N	Port. 780	2025-07-19	\N	\N	\N	299	148	10
561	2025-07-19	\N	Port. 201	2025-07-19	\N	\N	\N	392	148	11
562	2025-11-25	\N	Port. 660	2025-11-25	\N	\N	\N	414	149	1
563	2025-11-25	\N	Port. 867	2025-11-25	\N	\N	\N	326	149	2
564	2025-11-25	\N	Port. 427	2025-11-25	\N	\N	\N	292	149	4
565	2025-11-25	\N	Port. 990	2025-11-25	\N	\N	\N	355	149	8
566	2025-05-12	2028-05-11	Port. 971	2025-05-12	\N	\N	\N	404	150	1
567	2025-05-12	\N	Port. 283	2025-05-12	\N	\N	\N	330	150	2
568	2025-05-12	2028-05-11	Port. 732	2025-05-12	\N	\N	\N	313	150	4
569	2025-05-12	2028-05-11	Port. 383	2025-05-12	\N	\N	\N	335	150	8
570	2025-05-12	2028-05-11	Port. 401	2025-05-12	\N	\N	\N	316	150	8
571	2025-09-02	2026-02-03	Port. 115	2025-09-02	\N	\N	\N	383	151	1
572	2025-09-02	\N	Port. 113	2025-09-02	\N	\N	\N	377	151	2
573	2025-09-02	\N	Port. 659	2025-09-02	\N	\N	\N	374	151	4
574	2025-09-02	\N	Port. 966	2025-09-02	\N	\N	\N	308	151	8
575	2025-09-02	\N	Port. 575	2025-09-02	\N	\N	\N	326	152	9
576	2025-09-02	\N	Port. 176	2025-09-02	\N	\N	\N	384	152	10
577	2025-09-02	\N	Port. 734	2025-09-02	\N	\N	\N	419	152	11
578	2025-07-06	\N	Port. 933	2025-07-06	\N	\N	\N	377	153	1
579	2025-07-06	\N	Port. 416	2025-07-06	\N	\N	\N	319	153	2
580	2025-07-06	\N	Port. 216	2025-07-06	\N	\N	\N	389	153	4
581	2025-07-06	\N	Port. 308	2025-07-06	\N	\N	\N	425	154	9
582	2025-07-06	\N	Port. 170	2025-07-06	\N	\N	\N	331	154	10
583	2025-07-06	\N	Port. 344	2025-07-06	\N	\N	\N	403	154	11
584	2025-07-19	2029-07-18	Port. 425	2025-07-19	\N	\N	\N	321	155	1
585	2025-07-19	2026-02-11	Port. 517	2025-07-19	\N	\N	\N	423	155	2
586	2025-07-19	\N	Port. 801	2025-07-19	\N	\N	\N	359	155	4
587	2025-07-19	2026-02-13	Port. 729	2025-07-19	\N	\N	\N	426	155	8
588	2025-11-02	\N	Port. 699	2025-11-02	\N	\N	\N	357	156	1
589	2025-11-02	2028-11-01	Port. 812	2025-11-02	\N	\N	\N	316	156	2
590	2025-11-02	\N	Port. 146	2025-11-02	\N	\N	\N	358	156	4
591	2025-11-02	2028-11-01	Port. 668	2025-11-02	\N	\N	\N	346	156	8
592	2025-11-02	\N	Port. 258	2025-11-02	\N	\N	\N	292	157	9
593	2025-11-02	\N	Port. 571	2025-11-02	\N	\N	\N	383	157	10
594	2025-11-02	\N	Port. 773	2025-11-02	\N	\N	\N	321	157	11
595	2025-10-23	\N	Port. 616	2025-10-23	\N	\N	\N	322	158	1
596	2025-10-23	\N	Port. 765	2025-10-23	\N	\N	\N	405	158	2
597	2025-10-23	\N	Port. 742	2025-10-23	\N	\N	\N	406	158	4
598	2025-10-23	\N	Port. 336	2025-10-23	\N	\N	\N	323	159	9
599	2025-10-23	\N	Port. 780	2025-10-23	\N	\N	\N	429	159	10
600	2025-10-23	\N	Port. 723	2025-10-23	\N	\N	\N	376	159	11
601	2024-10-27	2025-10-27	Port. 356	2024-10-27	\N	\N	\N	341	160	1
602	2024-10-27	2025-10-27	Port. 178	2024-10-27	\N	\N	\N	425	160	2
603	2024-10-27	2025-10-27	Port. 205	2024-10-27	\N	\N	\N	346	160	4
604	2024-10-27	2025-10-27	Port. 841	2024-10-27	\N	\N	\N	393	160	8
605	2024-10-27	2025-10-27	Port. 131	2024-10-27	\N	\N	\N	310	160	8
606	2025-04-10	\N	Port. 887	2025-04-10	\N	\N	\N	383	161	1
607	2025-04-10	\N	Port. 748	2025-04-10	\N	\N	\N	300	161	2
608	2025-04-10	2027-04-10	Port. 349	2025-04-10	\N	\N	\N	365	161	4
609	2026-03-07	2027-03-07	Port. 361	2026-03-07	\N	\N	\N	428	162	1
610	2026-03-07	\N	Port. 582	2026-03-07	\N	\N	\N	404	162	2
611	2026-03-07	\N	Port. 863	2026-03-07	\N	\N	\N	391	162	4
612	2026-03-07	\N	Port. 873	2026-03-07	\N	\N	\N	399	162	8
613	2026-03-07	\N	Port. 536	2026-03-07	\N	\N	\N	295	163	9
614	2026-03-07	\N	Port. 651	2026-03-07	\N	\N	\N	297	163	10
615	2026-03-07	\N	Port. 561	2026-03-07	\N	\N	\N	287	163	11
616	2024-02-16	2025-02-15	Port. 188	2024-02-16	\N	\N	\N	413	164	1
617	2024-02-16	2025-02-15	Port. 176	2024-02-16	\N	\N	\N	412	164	2
618	2024-02-16	2025-02-15	Port. 225	2024-02-16	\N	\N	\N	393	164	4
619	2024-02-16	2025-02-15	Port. 468	2024-02-16	\N	\N	\N	428	164	8
620	2024-02-16	2025-02-15	Port. 107	2024-02-16	\N	\N	\N	373	164	8
621	2026-01-03	\N	Port. 986	2026-01-03	\N	\N	\N	284	165	1
622	2026-01-03	2028-01-03	Port. 862	2026-01-03	\N	\N	\N	411	165	2
623	2026-01-03	2028-01-03	Port. 330	2026-01-03	\N	\N	\N	378	165	4
624	2026-01-03	\N	Port. 354	2026-01-03	\N	\N	\N	315	166	9
625	2026-01-03	\N	Port. 457	2026-01-03	\N	\N	\N	381	166	10
626	2026-01-03	\N	Port. 960	2026-01-03	\N	\N	\N	398	166	11
627	2025-08-03	2027-08-03	Port. 504	2025-08-03	\N	\N	\N	398	167	1
628	2025-08-03	2026-02-02	Port. 588	2025-08-03	\N	\N	\N	427	167	2
629	2025-08-03	\N	Port. 361	2025-08-03	\N	\N	\N	389	167	4
630	2025-08-03	\N	Port. 131	2025-08-03	\N	\N	\N	355	168	9
631	2025-08-03	\N	Port. 402	2025-08-03	\N	\N	\N	295	168	10
632	2025-08-03	\N	Port. 567	2025-08-03	\N	\N	\N	310	168	11
633	2024-11-07	2025-11-07	Port. 704	2024-11-07	\N	\N	\N	324	169	1
634	2024-11-07	2025-11-07	Port. 531	2024-11-07	\N	\N	\N	342	169	2
635	2024-11-07	2025-11-07	Port. 420	2024-11-07	\N	\N	\N	389	169	4
636	2024-11-07	2025-11-07	Port. 365	2024-11-07	\N	\N	\N	326	169	8
637	2024-11-07	2025-11-07	Port. 374	2024-11-07	\N	\N	\N	416	170	9
638	2024-11-07	2025-11-07	Port. 984	2024-11-07	\N	\N	\N	302	170	10
639	2024-11-07	2025-11-07	Port. 896	2024-11-07	\N	\N	\N	381	170	11
640	2026-03-22	\N	Port. 499	2026-03-22	\N	\N	\N	294	171	1
641	2026-03-22	\N	Port. 468	2026-03-22	\N	\N	\N	288	171	2
642	2026-03-22	2026-02-18	Port. 768	2026-03-22	\N	\N	\N	306	171	4
643	2026-03-22	\N	Port. 842	2026-03-22	\N	\N	\N	302	172	9
644	2026-03-22	\N	Port. 280	2026-03-22	\N	\N	\N	321	172	10
645	2026-03-22	\N	Port. 787	2026-03-22	\N	\N	\N	332	172	11
646	2025-09-26	2026-02-02	Port. 265	2025-09-26	\N	\N	\N	409	173	1
647	2025-09-26	2027-09-26	Port. 459	2025-09-26	\N	\N	\N	329	173	2
648	2025-09-26	2027-09-26	Port. 520	2025-09-26	\N	\N	\N	284	173	4
649	2024-04-08	2025-04-08	Port. 368	2024-04-08	\N	\N	\N	299	174	1
650	2024-04-08	2025-04-08	Port. 501	2024-04-08	\N	\N	\N	422	174	2
651	2024-04-08	2025-04-08	Port. 723	2024-04-08	\N	\N	\N	413	174	4
652	2024-04-08	2025-04-08	Port. 825	2024-04-08	\N	\N	\N	424	174	8
653	2024-04-08	2025-04-08	Port. 876	2024-04-08	\N	\N	\N	331	174	8
654	2024-04-08	2025-04-08	Port. 545	2024-04-08	\N	\N	\N	395	175	9
655	2024-04-08	2025-04-08	Port. 280	2024-04-08	\N	\N	\N	305	175	10
656	2024-04-08	2025-04-08	Port. 780	2024-04-08	\N	\N	\N	387	175	11
\.


--
-- Data for Name: contratos_postograduacao; Type: TABLE DATA; Schema: public; Owner: admin_contratos
--

COPY public.contratos_postograduacao (id, sigla, descricao, senioridade) FROM stdin;
1	Cap	Capitão	4
2	1S	Primeiro Sargento	9
3	Cel	Coronel	1
4	Ten Cel	Tenente-Coronel	2
5	Maj	Major	3
6	1T	Primeiro Tenente	5
7	2T	Segundo Tenente	6
8	SO	Suboficial	8
9	2S	Segundo Sargento	10
10	3S	Terceiro Sargento	11
11	Cb	Cabo	12
12	Sd	Soldado	13
13	Asp	Aspirante	0
\.


--
-- Data for Name: django_admin_log; Type: TABLE DATA; Schema: public; Owner: admin_contratos
--

COPY public.django_admin_log (id, action_time, object_id, object_repr, action_flag, change_message, content_type_id, user_id) FROM stdin;
1	2026-01-30 00:29:53.799719+00	4	Fiscal Suplente	2	[{"changed": {"fields": ["T\\u00edtulo da Fun\\u00e7\\u00e3o", "Sigla"]}}]	10	1
2	2026-01-30 00:30:38.636792+00	4	Fiscal Suplente	2	[{"changed": {"fields": ["Sigla"]}}]	10	1
3	2026-01-30 00:31:50.644228+00	5	Membro - Comissão Fiscalização	1	[{"added": {}}]	10	1
4	2026-01-30 00:32:34.787091+00	6	Membro - Comissão Recebimento	1	[{"added": {}}]	10	1
\.


--
-- Data for Name: django_content_type; Type: TABLE DATA; Schema: public; Owner: admin_contratos
--

COPY public.django_content_type (id, app_label, model) FROM stdin;
1	admin	logentry
2	auth	permission
3	auth	group
4	auth	user
5	contenttypes	contenttype
6	sessions	session
7	contratos	agente
8	contratos	contrato
9	contratos	empresa
10	contratos	funcao
11	contratos	postograduacao
12	contratos	comissao
13	contratos	integrante
\.


--
-- Data for Name: django_migrations; Type: TABLE DATA; Schema: public; Owner: admin_contratos
--

COPY public.django_migrations (id, app, name, applied) FROM stdin;
1	contenttypes	0001_initial	2026-01-29 11:30:35.780103+00
2	auth	0001_initial	2026-01-29 11:30:35.825835+00
3	admin	0001_initial	2026-01-29 11:30:35.839735+00
4	admin	0002_logentry_remove_auto_add	2026-01-29 11:30:35.84508+00
5	admin	0003_logentry_add_action_flag_choices	2026-01-29 11:30:35.85063+00
6	contenttypes	0002_remove_content_type_name	2026-01-29 11:30:35.861607+00
7	auth	0002_alter_permission_name_max_length	2026-01-29 11:30:35.868288+00
8	auth	0003_alter_user_email_max_length	2026-01-29 11:30:35.873548+00
9	auth	0004_alter_user_username_opts	2026-01-29 11:30:35.878409+00
10	auth	0005_alter_user_last_login_null	2026-01-29 11:30:35.883644+00
11	auth	0006_require_contenttypes_0002	2026-01-29 11:30:35.884426+00
12	auth	0007_alter_validators_add_error_messages	2026-01-29 11:30:35.889392+00
13	auth	0008_alter_user_username_max_length	2026-01-29 11:30:35.896874+00
14	auth	0009_alter_user_last_name_max_length	2026-01-29 11:30:35.902743+00
15	auth	0010_alter_group_name_max_length	2026-01-29 11:30:35.908541+00
16	auth	0011_update_proxy_permissions	2026-01-29 11:30:35.913484+00
17	auth	0012_alter_user_first_name_max_length	2026-01-29 11:30:35.921032+00
18	contratos	0001_initial	2026-01-29 11:30:35.978254+00
19	sessions	0001_initial	2026-01-29 11:30:35.986149+00
20	contratos	0002_remove_comissao_observacao_agente_data_ultimo_curso_and_more	2026-01-30 23:49:52.420005+00
\.


--
-- Data for Name: django_session; Type: TABLE DATA; Schema: public; Owner: admin_contratos
--

COPY public.django_session (session_key, session_data, expire_date) FROM stdin;
26yo7ufuknewy4qy92wwtrd5yf2hkdp8	.eJxVjDsOwyAQBe9CHSHAfFOm9xnQsizBSYQlY1dR7h5bcpG0b2bem0XY1hq3TkucMrsyyS6_WwJ8UjtAfkC7zxznti5T4ofCT9r5OGd63U7376BCr3vtAtohOBCKlCreWJOQNA1OFE05FYFZequcJK1S0IUwI-6YwPiggmSfL-dGOEQ:1vlnFE:D9Zp3w8lRMK-bgTadjQCQteatCINrpcrXhIJXUJ18bk	2026-02-13 12:05:00.063249+00
\.


--
-- Name: auth_group_id_seq; Type: SEQUENCE SET; Schema: public; Owner: admin_contratos
--

SELECT pg_catalog.setval('public.auth_group_id_seq', 1, false);


--
-- Name: auth_group_permissions_id_seq; Type: SEQUENCE SET; Schema: public; Owner: admin_contratos
--

SELECT pg_catalog.setval('public.auth_group_permissions_id_seq', 1, false);


--
-- Name: auth_permission_id_seq; Type: SEQUENCE SET; Schema: public; Owner: admin_contratos
--

SELECT pg_catalog.setval('public.auth_permission_id_seq', 52, true);


--
-- Name: auth_user_groups_id_seq; Type: SEQUENCE SET; Schema: public; Owner: admin_contratos
--

SELECT pg_catalog.setval('public.auth_user_groups_id_seq', 1, false);


--
-- Name: auth_user_id_seq; Type: SEQUENCE SET; Schema: public; Owner: admin_contratos
--

SELECT pg_catalog.setval('public.auth_user_id_seq', 1, true);


--
-- Name: auth_user_user_permissions_id_seq; Type: SEQUENCE SET; Schema: public; Owner: admin_contratos
--

SELECT pg_catalog.setval('public.auth_user_user_permissions_id_seq', 1, false);


--
-- Name: contratos_agente_id_seq; Type: SEQUENCE SET; Schema: public; Owner: admin_contratos
--

SELECT pg_catalog.setval('public.contratos_agente_id_seq', 433, true);


--
-- Name: contratos_comissao_id_seq; Type: SEQUENCE SET; Schema: public; Owner: admin_contratos
--

SELECT pg_catalog.setval('public.contratos_comissao_id_seq', 175, true);


--
-- Name: contratos_contrato_id_seq; Type: SEQUENCE SET; Schema: public; Owner: admin_contratos
--

SELECT pg_catalog.setval('public.contratos_contrato_id_seq', 141, true);


--
-- Name: contratos_empresa_id_seq; Type: SEQUENCE SET; Schema: public; Owner: admin_contratos
--

SELECT pg_catalog.setval('public.contratos_empresa_id_seq', 77, true);


--
-- Name: contratos_funcao_id_seq; Type: SEQUENCE SET; Schema: public; Owner: admin_contratos
--

SELECT pg_catalog.setval('public.contratos_funcao_id_seq', 11, true);


--
-- Name: contratos_integrante_id_seq; Type: SEQUENCE SET; Schema: public; Owner: admin_contratos
--

SELECT pg_catalog.setval('public.contratos_integrante_id_seq', 656, true);


--
-- Name: contratos_postograduacao_id_seq; Type: SEQUENCE SET; Schema: public; Owner: admin_contratos
--

SELECT pg_catalog.setval('public.contratos_postograduacao_id_seq', 13, true);


--
-- Name: django_admin_log_id_seq; Type: SEQUENCE SET; Schema: public; Owner: admin_contratos
--

SELECT pg_catalog.setval('public.django_admin_log_id_seq', 4, true);


--
-- Name: django_content_type_id_seq; Type: SEQUENCE SET; Schema: public; Owner: admin_contratos
--

SELECT pg_catalog.setval('public.django_content_type_id_seq', 13, true);


--
-- Name: django_migrations_id_seq; Type: SEQUENCE SET; Schema: public; Owner: admin_contratos
--

SELECT pg_catalog.setval('public.django_migrations_id_seq', 20, true);


--
-- Name: auth_group auth_group_name_key; Type: CONSTRAINT; Schema: public; Owner: admin_contratos
--

ALTER TABLE ONLY public.auth_group
    ADD CONSTRAINT auth_group_name_key UNIQUE (name);


--
-- Name: auth_group_permissions auth_group_permissions_group_id_permission_id_0cd325b0_uniq; Type: CONSTRAINT; Schema: public; Owner: admin_contratos
--

ALTER TABLE ONLY public.auth_group_permissions
    ADD CONSTRAINT auth_group_permissions_group_id_permission_id_0cd325b0_uniq UNIQUE (group_id, permission_id);


--
-- Name: auth_group_permissions auth_group_permissions_pkey; Type: CONSTRAINT; Schema: public; Owner: admin_contratos
--

ALTER TABLE ONLY public.auth_group_permissions
    ADD CONSTRAINT auth_group_permissions_pkey PRIMARY KEY (id);


--
-- Name: auth_group auth_group_pkey; Type: CONSTRAINT; Schema: public; Owner: admin_contratos
--

ALTER TABLE ONLY public.auth_group
    ADD CONSTRAINT auth_group_pkey PRIMARY KEY (id);


--
-- Name: auth_permission auth_permission_content_type_id_codename_01ab375a_uniq; Type: CONSTRAINT; Schema: public; Owner: admin_contratos
--

ALTER TABLE ONLY public.auth_permission
    ADD CONSTRAINT auth_permission_content_type_id_codename_01ab375a_uniq UNIQUE (content_type_id, codename);


--
-- Name: auth_permission auth_permission_pkey; Type: CONSTRAINT; Schema: public; Owner: admin_contratos
--

ALTER TABLE ONLY public.auth_permission
    ADD CONSTRAINT auth_permission_pkey PRIMARY KEY (id);


--
-- Name: auth_user_groups auth_user_groups_pkey; Type: CONSTRAINT; Schema: public; Owner: admin_contratos
--

ALTER TABLE ONLY public.auth_user_groups
    ADD CONSTRAINT auth_user_groups_pkey PRIMARY KEY (id);


--
-- Name: auth_user_groups auth_user_groups_user_id_group_id_94350c0c_uniq; Type: CONSTRAINT; Schema: public; Owner: admin_contratos
--

ALTER TABLE ONLY public.auth_user_groups
    ADD CONSTRAINT auth_user_groups_user_id_group_id_94350c0c_uniq UNIQUE (user_id, group_id);


--
-- Name: auth_user auth_user_pkey; Type: CONSTRAINT; Schema: public; Owner: admin_contratos
--

ALTER TABLE ONLY public.auth_user
    ADD CONSTRAINT auth_user_pkey PRIMARY KEY (id);


--
-- Name: auth_user_user_permissions auth_user_user_permissions_pkey; Type: CONSTRAINT; Schema: public; Owner: admin_contratos
--

ALTER TABLE ONLY public.auth_user_user_permissions
    ADD CONSTRAINT auth_user_user_permissions_pkey PRIMARY KEY (id);


--
-- Name: auth_user_user_permissions auth_user_user_permissions_user_id_permission_id_14a6b632_uniq; Type: CONSTRAINT; Schema: public; Owner: admin_contratos
--

ALTER TABLE ONLY public.auth_user_user_permissions
    ADD CONSTRAINT auth_user_user_permissions_user_id_permission_id_14a6b632_uniq UNIQUE (user_id, permission_id);


--
-- Name: auth_user auth_user_username_key; Type: CONSTRAINT; Schema: public; Owner: admin_contratos
--

ALTER TABLE ONLY public.auth_user
    ADD CONSTRAINT auth_user_username_key UNIQUE (username);


--
-- Name: contratos_agente contratos_agente_pkey; Type: CONSTRAINT; Schema: public; Owner: admin_contratos
--

ALTER TABLE ONLY public.contratos_agente
    ADD CONSTRAINT contratos_agente_pkey PRIMARY KEY (id);


--
-- Name: contratos_agente contratos_agente_saram_key; Type: CONSTRAINT; Schema: public; Owner: admin_contratos
--

ALTER TABLE ONLY public.contratos_agente
    ADD CONSTRAINT contratos_agente_saram_key UNIQUE (saram);


--
-- Name: contratos_comissao contratos_comissao_pkey; Type: CONSTRAINT; Schema: public; Owner: admin_contratos
--

ALTER TABLE ONLY public.contratos_comissao
    ADD CONSTRAINT contratos_comissao_pkey PRIMARY KEY (id);


--
-- Name: contratos_contrato contratos_contrato_numero_key; Type: CONSTRAINT; Schema: public; Owner: admin_contratos
--

ALTER TABLE ONLY public.contratos_contrato
    ADD CONSTRAINT contratos_contrato_numero_key UNIQUE (numero);


--
-- Name: contratos_contrato contratos_contrato_pkey; Type: CONSTRAINT; Schema: public; Owner: admin_contratos
--

ALTER TABLE ONLY public.contratos_contrato
    ADD CONSTRAINT contratos_contrato_pkey PRIMARY KEY (id);


--
-- Name: contratos_empresa contratos_empresa_cnpj_key; Type: CONSTRAINT; Schema: public; Owner: admin_contratos
--

ALTER TABLE ONLY public.contratos_empresa
    ADD CONSTRAINT contratos_empresa_cnpj_key UNIQUE (cnpj);


--
-- Name: contratos_empresa contratos_empresa_pkey; Type: CONSTRAINT; Schema: public; Owner: admin_contratos
--

ALTER TABLE ONLY public.contratos_empresa
    ADD CONSTRAINT contratos_empresa_pkey PRIMARY KEY (id);


--
-- Name: contratos_funcao contratos_funcao_pkey; Type: CONSTRAINT; Schema: public; Owner: admin_contratos
--

ALTER TABLE ONLY public.contratos_funcao
    ADD CONSTRAINT contratos_funcao_pkey PRIMARY KEY (id);


--
-- Name: contratos_funcao contratos_funcao_titulo_key; Type: CONSTRAINT; Schema: public; Owner: admin_contratos
--

ALTER TABLE ONLY public.contratos_funcao
    ADD CONSTRAINT contratos_funcao_titulo_key UNIQUE (titulo);


--
-- Name: contratos_integrante contratos_integrante_pkey; Type: CONSTRAINT; Schema: public; Owner: admin_contratos
--

ALTER TABLE ONLY public.contratos_integrante
    ADD CONSTRAINT contratos_integrante_pkey PRIMARY KEY (id);


--
-- Name: contratos_postograduacao contratos_postograduacao_pkey; Type: CONSTRAINT; Schema: public; Owner: admin_contratos
--

ALTER TABLE ONLY public.contratos_postograduacao
    ADD CONSTRAINT contratos_postograduacao_pkey PRIMARY KEY (id);


--
-- Name: contratos_postograduacao contratos_postograduacao_sigla_key; Type: CONSTRAINT; Schema: public; Owner: admin_contratos
--

ALTER TABLE ONLY public.contratos_postograduacao
    ADD CONSTRAINT contratos_postograduacao_sigla_key UNIQUE (sigla);


--
-- Name: django_admin_log django_admin_log_pkey; Type: CONSTRAINT; Schema: public; Owner: admin_contratos
--

ALTER TABLE ONLY public.django_admin_log
    ADD CONSTRAINT django_admin_log_pkey PRIMARY KEY (id);


--
-- Name: django_content_type django_content_type_app_label_model_76bd3d3b_uniq; Type: CONSTRAINT; Schema: public; Owner: admin_contratos
--

ALTER TABLE ONLY public.django_content_type
    ADD CONSTRAINT django_content_type_app_label_model_76bd3d3b_uniq UNIQUE (app_label, model);


--
-- Name: django_content_type django_content_type_pkey; Type: CONSTRAINT; Schema: public; Owner: admin_contratos
--

ALTER TABLE ONLY public.django_content_type
    ADD CONSTRAINT django_content_type_pkey PRIMARY KEY (id);


--
-- Name: django_migrations django_migrations_pkey; Type: CONSTRAINT; Schema: public; Owner: admin_contratos
--

ALTER TABLE ONLY public.django_migrations
    ADD CONSTRAINT django_migrations_pkey PRIMARY KEY (id);


--
-- Name: django_session django_session_pkey; Type: CONSTRAINT; Schema: public; Owner: admin_contratos
--

ALTER TABLE ONLY public.django_session
    ADD CONSTRAINT django_session_pkey PRIMARY KEY (session_key);


--
-- Name: auth_group_name_a6ea08ec_like; Type: INDEX; Schema: public; Owner: admin_contratos
--

CREATE INDEX auth_group_name_a6ea08ec_like ON public.auth_group USING btree (name varchar_pattern_ops);


--
-- Name: auth_group_permissions_group_id_b120cbf9; Type: INDEX; Schema: public; Owner: admin_contratos
--

CREATE INDEX auth_group_permissions_group_id_b120cbf9 ON public.auth_group_permissions USING btree (group_id);


--
-- Name: auth_group_permissions_permission_id_84c5c92e; Type: INDEX; Schema: public; Owner: admin_contratos
--

CREATE INDEX auth_group_permissions_permission_id_84c5c92e ON public.auth_group_permissions USING btree (permission_id);


--
-- Name: auth_permission_content_type_id_2f476e4b; Type: INDEX; Schema: public; Owner: admin_contratos
--

CREATE INDEX auth_permission_content_type_id_2f476e4b ON public.auth_permission USING btree (content_type_id);


--
-- Name: auth_user_groups_group_id_97559544; Type: INDEX; Schema: public; Owner: admin_contratos
--

CREATE INDEX auth_user_groups_group_id_97559544 ON public.auth_user_groups USING btree (group_id);


--
-- Name: auth_user_groups_user_id_6a12ed8b; Type: INDEX; Schema: public; Owner: admin_contratos
--

CREATE INDEX auth_user_groups_user_id_6a12ed8b ON public.auth_user_groups USING btree (user_id);


--
-- Name: auth_user_user_permissions_permission_id_1fbb5f2c; Type: INDEX; Schema: public; Owner: admin_contratos
--

CREATE INDEX auth_user_user_permissions_permission_id_1fbb5f2c ON public.auth_user_user_permissions USING btree (permission_id);


--
-- Name: auth_user_user_permissions_user_id_a95ead1b; Type: INDEX; Schema: public; Owner: admin_contratos
--

CREATE INDEX auth_user_user_permissions_user_id_a95ead1b ON public.auth_user_user_permissions USING btree (user_id);


--
-- Name: auth_user_username_6821ab7c_like; Type: INDEX; Schema: public; Owner: admin_contratos
--

CREATE INDEX auth_user_username_6821ab7c_like ON public.auth_user USING btree (username varchar_pattern_ops);


--
-- Name: contratos_agente_posto_id_4b09cf56; Type: INDEX; Schema: public; Owner: admin_contratos
--

CREATE INDEX contratos_agente_posto_id_4b09cf56 ON public.contratos_agente USING btree (posto_id);


--
-- Name: contratos_agente_saram_705f8ef6_like; Type: INDEX; Schema: public; Owner: admin_contratos
--

CREATE INDEX contratos_agente_saram_705f8ef6_like ON public.contratos_agente USING btree (saram varchar_pattern_ops);


--
-- Name: contratos_comissao_contrato_id_d74c4a3c; Type: INDEX; Schema: public; Owner: admin_contratos
--

CREATE INDEX contratos_comissao_contrato_id_d74c4a3c ON public.contratos_comissao USING btree (contrato_id);


--
-- Name: contratos_contrato_empresa_id_18e80ca2; Type: INDEX; Schema: public; Owner: admin_contratos
--

CREATE INDEX contratos_contrato_empresa_id_18e80ca2 ON public.contratos_contrato USING btree (empresa_id);


--
-- Name: contratos_contrato_numero_8b697554_like; Type: INDEX; Schema: public; Owner: admin_contratos
--

CREATE INDEX contratos_contrato_numero_8b697554_like ON public.contratos_contrato USING btree (numero varchar_pattern_ops);


--
-- Name: contratos_empresa_cnpj_9e5a7dde_like; Type: INDEX; Schema: public; Owner: admin_contratos
--

CREATE INDEX contratos_empresa_cnpj_9e5a7dde_like ON public.contratos_empresa USING btree (cnpj varchar_pattern_ops);


--
-- Name: contratos_funcao_titulo_0d0ed84d_like; Type: INDEX; Schema: public; Owner: admin_contratos
--

CREATE INDEX contratos_funcao_titulo_0d0ed84d_like ON public.contratos_funcao USING btree (titulo varchar_pattern_ops);


--
-- Name: contratos_integrante_agente_id_80637c49; Type: INDEX; Schema: public; Owner: admin_contratos
--

CREATE INDEX contratos_integrante_agente_id_80637c49 ON public.contratos_integrante USING btree (agente_id);


--
-- Name: contratos_integrante_comissao_id_8edc53e0; Type: INDEX; Schema: public; Owner: admin_contratos
--

CREATE INDEX contratos_integrante_comissao_id_8edc53e0 ON public.contratos_integrante USING btree (comissao_id);


--
-- Name: contratos_integrante_funcao_id_702ebc87; Type: INDEX; Schema: public; Owner: admin_contratos
--

CREATE INDEX contratos_integrante_funcao_id_702ebc87 ON public.contratos_integrante USING btree (funcao_id);


--
-- Name: contratos_postograduacao_sigla_90108734_like; Type: INDEX; Schema: public; Owner: admin_contratos
--

CREATE INDEX contratos_postograduacao_sigla_90108734_like ON public.contratos_postograduacao USING btree (sigla varchar_pattern_ops);


--
-- Name: django_admin_log_content_type_id_c4bce8eb; Type: INDEX; Schema: public; Owner: admin_contratos
--

CREATE INDEX django_admin_log_content_type_id_c4bce8eb ON public.django_admin_log USING btree (content_type_id);


--
-- Name: django_admin_log_user_id_c564eba6; Type: INDEX; Schema: public; Owner: admin_contratos
--

CREATE INDEX django_admin_log_user_id_c564eba6 ON public.django_admin_log USING btree (user_id);


--
-- Name: django_session_expire_date_a5c62663; Type: INDEX; Schema: public; Owner: admin_contratos
--

CREATE INDEX django_session_expire_date_a5c62663 ON public.django_session USING btree (expire_date);


--
-- Name: django_session_session_key_c0390e0f_like; Type: INDEX; Schema: public; Owner: admin_contratos
--

CREATE INDEX django_session_session_key_c0390e0f_like ON public.django_session USING btree (session_key varchar_pattern_ops);


--
-- Name: auth_group_permissions auth_group_permissio_permission_id_84c5c92e_fk_auth_perm; Type: FK CONSTRAINT; Schema: public; Owner: admin_contratos
--

ALTER TABLE ONLY public.auth_group_permissions
    ADD CONSTRAINT auth_group_permissio_permission_id_84c5c92e_fk_auth_perm FOREIGN KEY (permission_id) REFERENCES public.auth_permission(id) DEFERRABLE INITIALLY DEFERRED;


--
-- Name: auth_group_permissions auth_group_permissions_group_id_b120cbf9_fk_auth_group_id; Type: FK CONSTRAINT; Schema: public; Owner: admin_contratos
--

ALTER TABLE ONLY public.auth_group_permissions
    ADD CONSTRAINT auth_group_permissions_group_id_b120cbf9_fk_auth_group_id FOREIGN KEY (group_id) REFERENCES public.auth_group(id) DEFERRABLE INITIALLY DEFERRED;


--
-- Name: auth_permission auth_permission_content_type_id_2f476e4b_fk_django_co; Type: FK CONSTRAINT; Schema: public; Owner: admin_contratos
--

ALTER TABLE ONLY public.auth_permission
    ADD CONSTRAINT auth_permission_content_type_id_2f476e4b_fk_django_co FOREIGN KEY (content_type_id) REFERENCES public.django_content_type(id) DEFERRABLE INITIALLY DEFERRED;


--
-- Name: auth_user_groups auth_user_groups_group_id_97559544_fk_auth_group_id; Type: FK CONSTRAINT; Schema: public; Owner: admin_contratos
--

ALTER TABLE ONLY public.auth_user_groups
    ADD CONSTRAINT auth_user_groups_group_id_97559544_fk_auth_group_id FOREIGN KEY (group_id) REFERENCES public.auth_group(id) DEFERRABLE INITIALLY DEFERRED;


--
-- Name: auth_user_groups auth_user_groups_user_id_6a12ed8b_fk_auth_user_id; Type: FK CONSTRAINT; Schema: public; Owner: admin_contratos
--

ALTER TABLE ONLY public.auth_user_groups
    ADD CONSTRAINT auth_user_groups_user_id_6a12ed8b_fk_auth_user_id FOREIGN KEY (user_id) REFERENCES public.auth_user(id) DEFERRABLE INITIALLY DEFERRED;


--
-- Name: auth_user_user_permissions auth_user_user_permi_permission_id_1fbb5f2c_fk_auth_perm; Type: FK CONSTRAINT; Schema: public; Owner: admin_contratos
--

ALTER TABLE ONLY public.auth_user_user_permissions
    ADD CONSTRAINT auth_user_user_permi_permission_id_1fbb5f2c_fk_auth_perm FOREIGN KEY (permission_id) REFERENCES public.auth_permission(id) DEFERRABLE INITIALLY DEFERRED;


--
-- Name: auth_user_user_permissions auth_user_user_permissions_user_id_a95ead1b_fk_auth_user_id; Type: FK CONSTRAINT; Schema: public; Owner: admin_contratos
--

ALTER TABLE ONLY public.auth_user_user_permissions
    ADD CONSTRAINT auth_user_user_permissions_user_id_a95ead1b_fk_auth_user_id FOREIGN KEY (user_id) REFERENCES public.auth_user(id) DEFERRABLE INITIALLY DEFERRED;


--
-- Name: contratos_agente contratos_agente_posto_id_4b09cf56_fk_contratos; Type: FK CONSTRAINT; Schema: public; Owner: admin_contratos
--

ALTER TABLE ONLY public.contratos_agente
    ADD CONSTRAINT contratos_agente_posto_id_4b09cf56_fk_contratos FOREIGN KEY (posto_id) REFERENCES public.contratos_postograduacao(id) DEFERRABLE INITIALLY DEFERRED;


--
-- Name: contratos_comissao contratos_comissao_contrato_id_d74c4a3c_fk_contratos; Type: FK CONSTRAINT; Schema: public; Owner: admin_contratos
--

ALTER TABLE ONLY public.contratos_comissao
    ADD CONSTRAINT contratos_comissao_contrato_id_d74c4a3c_fk_contratos FOREIGN KEY (contrato_id) REFERENCES public.contratos_contrato(id) DEFERRABLE INITIALLY DEFERRED;


--
-- Name: contratos_contrato contratos_contrato_empresa_id_18e80ca2_fk_contratos_empresa_id; Type: FK CONSTRAINT; Schema: public; Owner: admin_contratos
--

ALTER TABLE ONLY public.contratos_contrato
    ADD CONSTRAINT contratos_contrato_empresa_id_18e80ca2_fk_contratos_empresa_id FOREIGN KEY (empresa_id) REFERENCES public.contratos_empresa(id) DEFERRABLE INITIALLY DEFERRED;


--
-- Name: contratos_integrante contratos_integrante_agente_id_80637c49_fk_contratos_agente_id; Type: FK CONSTRAINT; Schema: public; Owner: admin_contratos
--

ALTER TABLE ONLY public.contratos_integrante
    ADD CONSTRAINT contratos_integrante_agente_id_80637c49_fk_contratos_agente_id FOREIGN KEY (agente_id) REFERENCES public.contratos_agente(id) DEFERRABLE INITIALLY DEFERRED;


--
-- Name: contratos_integrante contratos_integrante_comissao_id_8edc53e0_fk_contratos; Type: FK CONSTRAINT; Schema: public; Owner: admin_contratos
--

ALTER TABLE ONLY public.contratos_integrante
    ADD CONSTRAINT contratos_integrante_comissao_id_8edc53e0_fk_contratos FOREIGN KEY (comissao_id) REFERENCES public.contratos_comissao(id) DEFERRABLE INITIALLY DEFERRED;


--
-- Name: contratos_integrante contratos_integrante_funcao_id_702ebc87_fk_contratos_funcao_id; Type: FK CONSTRAINT; Schema: public; Owner: admin_contratos
--

ALTER TABLE ONLY public.contratos_integrante
    ADD CONSTRAINT contratos_integrante_funcao_id_702ebc87_fk_contratos_funcao_id FOREIGN KEY (funcao_id) REFERENCES public.contratos_funcao(id) DEFERRABLE INITIALLY DEFERRED;


--
-- Name: django_admin_log django_admin_log_content_type_id_c4bce8eb_fk_django_co; Type: FK CONSTRAINT; Schema: public; Owner: admin_contratos
--

ALTER TABLE ONLY public.django_admin_log
    ADD CONSTRAINT django_admin_log_content_type_id_c4bce8eb_fk_django_co FOREIGN KEY (content_type_id) REFERENCES public.django_content_type(id) DEFERRABLE INITIALLY DEFERRED;


--
-- Name: django_admin_log django_admin_log_user_id_c564eba6_fk_auth_user_id; Type: FK CONSTRAINT; Schema: public; Owner: admin_contratos
--

ALTER TABLE ONLY public.django_admin_log
    ADD CONSTRAINT django_admin_log_user_id_c564eba6_fk_auth_user_id FOREIGN KEY (user_id) REFERENCES public.auth_user(id) DEFERRABLE INITIALLY DEFERRED;


--
-- PostgreSQL database dump complete
--

\unrestrict 7bK8XsvYFRUCQDxiuGacyn9wKqPAI3nSr3lRM5osmqLHCm3WwBfJIZuBTCFOsA6

